SPECIES,UA, PID , TYPE , FRAC , ENN, PROX , AREA ,,,,,
B_hypoxantus,1,1, cls_3 ,1.215,63.9,26.3012,3054.3432,,,,,
B_hypoxantus,1,24, cls_3 ,1.1309,95.85,3325.0009,1.4291,,,,,
B_hypoxantus,1,27, cls_3 ,1,95.85,2992.5613,0.1021,,,,,
B_hypoxantus,1,29, cls_3 ,1.0537,63.9,7480.3795,0.4083,,,,,
B_hypoxantus,1,31, cls_3 ,1.0608,71.4424,5984.3786,3.879,,,,,
B_hypoxantus,1,40, cls_3 ,1.1072,115.1974,2301.6464,5.0019,,,,,
B_hypoxantus,1,43, cls_3 ,1,549.6886,101.1443,0.1021,,,,,
B_hypoxantus,1,49, cls_3 ,1.0909,232.5995,564.5695,1.5312,,,,,
B_hypoxantus,1,54, cls_3 ,1,63.9,1200.437,0.1021,,,,,
B_hypoxantus,1,56, cls_3 ,1,71.4424,5984.4185,0.1021,,,,,
B_hypoxantus,1,57, cls_3 ,1,63.9,7482.092,0.1021,,,,,
B_hypoxantus,1,59, cls_3 ,1.014,63.9,7480.6681,1.4291,,,,,
B_hypoxantus,1,66, cls_3 ,1.0903,71.4424,5984.4024,2.0416,,,,,
B_hypoxantus,1,68, cls_3 ,1.063,71.4424,5984.611,0.9187,,,,,
B_hypoxantus,1,81, cls_3 ,1.0402,71.4424,5984.225,1.1229,,,,,
B_hypoxantus,1,2, cls_1 ,1.0805,769.4579,1.3694,1.4291,,,,,
B_hypoxantus,1,3, cls_1 ,1.0283,443.8636,2.8723,0.7146,,,,,
B_hypoxantus,1,4, cls_1 ,1.0734,131.7332,3.2506,3.0624,,,,,
B_hypoxantus,1,5, cls_1 ,1.0758,285.7695,4.4175,2.6541,,,,,
B_hypoxantus,1,6, cls_1 ,1.119,71.4424,15.8621,5.8186,,,,,
B_hypoxantus,1,7, cls_1 ,1.0219,131.7332,4.839,1.327,,,,,
B_hypoxantus,1,8, cls_1 ,1.0987,71.4424,8.3429,1.4291,,,,,
B_hypoxantus,1,9, cls_1 ,1.0631,230.3947,88.1812,0.7146,,,,,
B_hypoxantus,1,10, cls_1 ,1.1751,71.4424,203.6798,464.1589,,,,,
B_hypoxantus,1,11, cls_1 ,1,71.4424,13.9629,0.1021,,,,,
B_hypoxantus,1,12, cls_1 ,1.125,63.9,11.849,6.5331,,,,,
B_hypoxantus,1,13, cls_1 ,1.0964,71.4424,18.8362,6.8394,,,,,
B_hypoxantus,1,14, cls_1 ,1.0766,71.4424,33.5917,4.0832,,,,,
B_hypoxantus,1,15, cls_1 ,1.1117,63.9,29.6722,2.1437,,,,,
B_hypoxantus,1,16, cls_1 ,1.0764,131.7332,46.948,1.0208,,,,,
B_hypoxantus,1,17, cls_1 ,1.0688,172.056,6.5694,0.5104,,,,,
B_hypoxantus,1,18, cls_1 ,1.0402,90.3682,569.7318,1.1229,,,,,
B_hypoxantus,1,19, cls_1 ,1.1476,71.4424,12.4085,4.6957,,,,,
B_hypoxantus,1,20, cls_1 ,1,71.4424,19.8621,0.1021,,,,,
B_hypoxantus,1,21, cls_1 ,1.1103,202.0695,12.1787,6.7373,,,,,
B_hypoxantus,1,22, cls_1 ,1.1261,384.7289,20.1138,11.8413,,,,,
B_hypoxantus,1,23, cls_1 ,1.063,131.7332,268.9346,0.9187,,,,,
B_hypoxantus,1,25, cls_1 ,1.0797,127.8,77.6701,54.2046,,,,,
B_hypoxantus,1,26, cls_1 ,1,142.8847,229.8695,0.1021,,,,,
B_hypoxantus,1,28, cls_1 ,1.0417,225.9206,93.7593,2.0416,,,,,
B_hypoxantus,1,30, cls_1 ,1.0283,127.8,120.7471,0.7146,,,,,
B_hypoxantus,1,32, cls_1 ,1.0738,95.85,508.5269,20.9265,,,,,
B_hypoxantus,1,33, cls_1 ,1.022,71.4424,913.504,1.0208,,,,,
B_hypoxantus,1,34, cls_1 ,1.1836,71.4424,250.8679,215.0831,,,,,
B_hypoxantus,1,35, cls_1 ,1.0573,90.3682,21.7365,14.9037,,,,,
B_hypoxantus,1,36, cls_1 ,1.0975,101.0348,457.9825,0.4083,,,,,
B_hypoxantus,1,37, cls_1 ,1.0815,63.9,38.2588,5.104,,,,,
B_hypoxantus,1,38, cls_1 ,1.0688,115.1974,167.3533,0.5104,,,,,
B_hypoxantus,1,41, cls_1 ,1.063,285.7695,17.2606,0.9187,,,,,
B_hypoxantus,1,42, cls_1 ,1.065,90.3682,24.9927,8.2685,,,,,
B_hypoxantus,1,44, cls_1 ,1.0631,63.9,37.8402,0.7146,,,,,
B_hypoxantus,1,45, cls_1 ,1.0358,71.4424,427.3102,0.3062,,,,,
B_hypoxantus,1,46, cls_1 ,1.0475,95.85,241.0921,3.0624,,,,,
B_hypoxantus,1,47, cls_1 ,1.035,95.85,212.874,3.4707,,,,,
B_hypoxantus,1,48, cls_1 ,1.0529,162.9137,66.8513,1.8374,,,,,
B_hypoxantus,1,50, cls_1 ,1.0594,515.1783,5.5564,85.7474,,,,,
B_hypoxantus,1,51, cls_1 ,1.0283,71.4424,916.0609,0.7146,,,,,
B_hypoxantus,1,52, cls_1 ,1.0909,101.0348,461.2928,0.2042,,,,,
B_hypoxantus,1,53, cls_1 ,1.0688,131.7332,67.6294,0.5104,,,,,
B_hypoxantus,1,55, cls_1 ,1.0493,319.5,15.7376,3.879,,,,,
B_hypoxantus,1,58, cls_1 ,1.0693,71.4424,442.1717,8.4727,,,,,
B_hypoxantus,1,60, cls_1 ,1.145,90.3682,359.0435,74.5186,,,,,
B_hypoxantus,1,61, cls_1 ,1.102,63.9,41.1997,1.8374,,,,,
B_hypoxantus,1,62, cls_1 ,1.1075,63.9,86.5114,1.5312,,,,,
B_hypoxantus,1,63, cls_1 ,1.0537,63.9,23.8775,0.4083,,,,,
B_hypoxantus,1,64, cls_1 ,1.0537,63.9,50.1827,0.4083,,,,,
B_hypoxantus,1,65, cls_1 ,1,101.0348,16.5071,0.1021,,,,,
B_hypoxantus,1,67, cls_1 ,1.0688,90.3682,101.4547,0.5104,,,,,
B_hypoxantus,1,69, cls_1 ,1.0799,204.5798,23.7125,2.2458,,,,,
B_hypoxantus,1,72, cls_1 ,1.0283,162.9137,32.7366,0.7146,,,,,
B_hypoxantus,1,73, cls_1 ,1.059,63.9,63.3645,1.7354,,,,,
B_hypoxantus,1,74, cls_1 ,1.1246,127.8,53.3697,3.3686,,,,,
B_hypoxantus,1,75, cls_1 ,1.0509,63.9,20.4486,1.0208,,,,,
B_hypoxantus,1,76, cls_1 ,1.078,90.3682,20.739,1.225,,,,,
B_hypoxantus,1,77, cls_1 ,1.0319,1246.4595,2.6021,2.6541,,,,,
B_hypoxantus,1,78, cls_1 ,1.022,95.85,21.7675,1.0208,,,,,
B_hypoxantus,1,80, cls_1 ,1.1149,90.3682,7.7453,14.3933,,,,,
B_hypoxantus,1,82, cls_1 ,1.087,319.5,3.8503,9.0851,,,,,
B_hypoxantus,1,39, cls_5 ,1.0283,4334.9687,0.0022,0.7146,,,,,
B_hypoxantus,1,70, cls_5 ,1.0937,90.3682,0.7696,2.2458,,,,,
B_hypoxantus,1,71, cls_5 ,1.1125,90.3682,2.7621,0.6125,,,,,
B_hypoxantus,1,79, cls_5 ,1.1388,658.6661,0.054,1.0208,,,,,
B_hypoxantus,1,83, cls_5 ,1.0537,658.6661,0.0366,0.4083,,,,,
B_hypoxantus,2,1, cls_3 ,1,319.5,0.8642,0.1021,,,,,
B_hypoxantus,2,5, cls_3 ,1.184,101.0348,3.4772,5.7165,,,,,
B_hypoxantus,2,6, cls_3 ,1.1482,71.4424,7.3593,3.1645,,,,,
B_hypoxantus,2,8, cls_3 ,1.0909,71.4424,7.2847,0.2042,,,,,
B_hypoxantus,2,11, cls_3 ,1.1642,95.85,3.255,2.552,,,,,
B_hypoxantus,2,13, cls_3 ,1.1073,63.9,4.7234,1.327,,,,,
B_hypoxantus,2,17, cls_3 ,1.0688,63.9,3.9445,0.5104,,,,,
B_hypoxantus,2,20, cls_3 ,1.0932,445.012,0.8607,0.7146,,,,,
B_hypoxantus,2,21, cls_3 ,1.1226,135.5524,1.1298,1.7354,,,,,
B_hypoxantus,2,23, cls_3 ,1.0537,63.9,2.5134,0.4083,,,,,
B_hypoxantus,2,25, cls_3 ,1.0688,63.9,2.769,0.5104,,,,,
B_hypoxantus,2,26, cls_3 ,1.1265,186.2989,5.2698,0.8166,,,,,
B_hypoxantus,2,27, cls_3 ,1.0155,63.9,3.1832,0.2042,,,,,
B_hypoxantus,2,28, cls_3 ,1.0507,186.2989,4.8716,5.3082,,,,,
B_hypoxantus,2,29, cls_3 ,1.0358,63.9,3.112,0.3062,,,,,
B_hypoxantus,2,32, cls_3 ,1.1345,63.9,27.7246,14.4954,,,,,
B_hypoxantus,2,34, cls_3 ,1.1325,63.9,52.501,4.7978,,,,,
B_hypoxantus,2,35, cls_3 ,1.146,1501.9899,0.2389,2.3478,,,,,
B_hypoxantus,2,36, cls_3 ,1.1327,63.9,36.3811,10.208,,,,,
B_hypoxantus,2,38, cls_3 ,1.1596,63.9,12.8226,21.3348,,,,,
B_hypoxantus,2,39, cls_3 ,1.0889,101.0348,3.592,0.9187,,,,,
B_hypoxantus,2,43, cls_3 ,1.1205,63.9,5.2512,9.2893,,,,,
B_hypoxantus,2,44, cls_3 ,1,71.4424,10.1354,0.1021,,,,,
B_hypoxantus,2,45, cls_3 ,1.0728,115.1974,1.0023,1.5312,,,,,
B_hypoxantus,2,47, cls_3 ,1,71.4424,42.0811,0.4083,,,,,
B_hypoxantus,2,48, cls_3 ,1.063,71.4424,11.2394,0.9187,,,,,
B_hypoxantus,2,50, cls_3 ,1.0358,101.0348,2.4319,0.3062,,,,,
B_hypoxantus,2,51, cls_3 ,1.0473,101.0348,0.9714,0.8166,,,,,
B_hypoxantus,2,55, cls_3 ,1,95.85,10.6729,0.1021,,,,,
B_hypoxantus,2,56, cls_3 ,1.0537,63.9,24.7971,0.4083,,,,,
B_hypoxantus,2,57, cls_3 ,1.1496,202.0695,3.1143,6.6352,,,,,
B_hypoxantus,2,58, cls_3 ,1.0688,404.1391,0.9958,0.5104,,,,,
B_hypoxantus,2,59, cls_3 ,1.0465,404.1391,0.8064,0.6125,,,,,
B_hypoxantus,2,60, cls_3 ,1.0932,664.8364,0.5933,0.7146,,,,,
B_hypoxantus,2,67, cls_3 ,1.1301,1024.3949,0.3749,2.2458,,,,,
B_hypoxantus,2,68, cls_3 ,1.0819,707.2434,0.4835,0.6125,,,,,
B_hypoxantus,2,70, cls_3 ,1.0688,457.4544,0.202,0.5104,,,,,
B_hypoxantus,2,72, cls_3 ,1.1443,457.4544,0.2056,1.1229,,,,,
B_hypoxantus,2,73, cls_3 ,1.0933,101.0348,8.6351,1.7354,,,,,
B_hypoxantus,2,74, cls_3 ,1.0505,71.4424,18.1062,6.4311,,,,,
B_hypoxantus,2,75, cls_3 ,1.138,71.4424,14.8112,6.7373,,,,,
B_hypoxantus,2,76, cls_3 ,1.0631,1994.7652,0.1124,0.7146,,,,,
B_hypoxantus,2,77, cls_3 ,1.0718,63.9,21.3615,2.7562,,,,,
B_hypoxantus,2,78, cls_3 ,1.1294,63.9,14.343,2.0416,,,,,
B_hypoxantus,2,79, cls_3 ,1.0467,95.85,6.379,1.327,,,,,
B_hypoxantus,2,80, cls_3 ,1.0921,71.4424,28.9918,4.5936,,,,,
B_hypoxantus,2,81, cls_3 ,1.1319,71.4424,10.8921,3.6749,,,,,
B_hypoxantus,2,83, cls_3 ,1.1125,63.9,12.4116,0.6125,,,,,
B_hypoxantus,2,84, cls_3 ,1.0657,1328.9049,0.4846,1.6333,,,,,
B_hypoxantus,2,86, cls_3 ,1.078,63.9,29.2153,1.225,,,,,
B_hypoxantus,2,87, cls_3 ,1.0477,115.1974,1.2848,2.6541,,,,,
B_hypoxantus,2,88, cls_3 ,1.1032,95.85,8.3917,18.2724,,,,,
B_hypoxantus,2,89, cls_3 ,1.0689,115.1974,2.2928,1.327,,,,,
B_hypoxantus,2,90, cls_3 ,1.0688,127.8,12.1557,0.5104,,,,,
B_hypoxantus,2,92, cls_3 ,1.053,63.9,4.4054,1.5312,,,,,
B_hypoxantus,2,93, cls_3 ,1.0728,63.9,4.7442,1.5312,,,,,
B_hypoxantus,2,94, cls_3 ,1.0155,63.9,5.8716,0.2042,,,,,
B_hypoxantus,2,95, cls_3 ,1.0819,345.5921,0.7082,0.6125,,,,,
B_hypoxantus,2,97, cls_3 ,1.1084,639,0.5915,1.7354,,,,,
B_hypoxantus,2,99, cls_3 ,1.0283,445.012,0.7269,0.7146,,,,,
B_hypoxantus,2,101, cls_3 ,1.1313,131.7332,11.2399,11.2288,,,,,
B_hypoxantus,2,102, cls_3 ,1.1858,71.4424,2.0449,15.9245,,,,,
B_hypoxantus,2,104, cls_3 ,1.0987,63.9,12.8456,1.4291,,,,,
B_hypoxantus,2,105, cls_3 ,1.0155,71.4424,31.7953,0.2042,,,,,
B_hypoxantus,2,106, cls_3 ,1.1265,63.9,11.2703,2.552,,,,,
B_hypoxantus,2,111, cls_3 ,1.1074,131.7332,7.6578,17.4557,,,,,
B_hypoxantus,2,112, cls_3 ,1.0465,223.65,1.8671,0.6125,,,,,
B_hypoxantus,2,113, cls_3 ,1.1204,388.6885,1.4432,23.5805,,,,,
B_hypoxantus,2,114, cls_3 ,1.0556,223.65,2.788,1.225,,,,,
B_hypoxantus,2,115, cls_3 ,1.0887,71.4424,4.0027,2.9603,,,,,
B_hypoxantus,2,116, cls_3 ,1.0537,71.4424,9.614,0.4083,,,,,
B_hypoxantus,2,117, cls_3 ,1.0047,833.1541,3.4313,0.6125,,,,,
B_hypoxantus,2,118, cls_3 ,1.0366,434.567,11.9254,2.1437,,,,,
B_hypoxantus,2,119, cls_3 ,1.2486,63.9,11.7195,230.3951,,,,,
B_hypoxantus,2,120, cls_3 ,1.0657,115.1974,173.9585,1.6333,,,,,
B_hypoxantus,2,121, cls_3 ,1.0851,90.3682,282.4388,3.0624,,,,,
B_hypoxantus,2,122, cls_3 ,1,63.9,564.3644,0.9187,,,,,
B_hypoxantus,2,127, cls_3 ,1.0819,135.5524,125.4965,0.6125,,,,,
B_hypoxantus,2,129, cls_3 ,1,214.3271,5.0037,0.1021,,,,,
B_hypoxantus,2,130, cls_3 ,1,71.4424,10.7364,0.1021,,,,,
B_hypoxantus,2,131, cls_3 ,1.0155,71.4424,16.7953,0.2042,,,,,
B_hypoxantus,2,132, cls_3 ,1.1228,71.4424,451.776,1.5312,,,,,
B_hypoxantus,2,133, cls_3 ,1.0155,642.9813,5.7412,0.2042,,,,,
B_hypoxantus,2,135, cls_3 ,1.0358,71.4424,452.558,0.3062,,,,,
B_hypoxantus,2,136, cls_3 ,1,63.9,564.9647,0.1021,,,,,
B_hypoxantus,2,2, cls_1 ,1.1507,63.9,5041.8075,40.2196,,1.082136364,110.2093727,10221.84794,807.5568455
B_hypoxantus,2,9, cls_1 ,1.0471,63.9,288.738,1.9395,,,,,
B_hypoxantus,2,10, cls_1 ,1.1596,63.9,144.0569,8737.4569,,,,,
B_hypoxantus,2,14, cls_1 ,1.0769,63.9,21497.2406,0.8166,,,,,
B_hypoxantus,2,16, cls_1 ,1,71.4424,17159.8438,0.1021,,,,,
B_hypoxantus,2,30, cls_1 ,1.1046,474.9709,387.317,53.1838,,,,,
B_hypoxantus,2,82, cls_1 ,1.0155,115.1974,6584.1771,0.2042,,,,,
B_hypoxantus,2,124, cls_1 ,1.169,63.9,21400.8467,46.7528,,,,,
B_hypoxantus,2,125, cls_1 ,1.0358,71.4424,17169.7254,0.3062,,,,,
B_hypoxantus,2,128, cls_1 ,1.0914,63.9,21398.839,0.3062,,,,,
B_hypoxantus,2,134, cls_1 ,1.0529,95.85,1367.7353,1.8374,,,,,
B_hypoxantus,2,3, cls_2 ,1,71.4424,0.6511,0.1021,,,,,
B_hypoxantus,2,4, cls_2 ,1,71.4424,1.3639,0.1021,,,,,
B_hypoxantus,2,7, cls_2 ,1.022,95.85,0.2121,1.0208,,,,,
B_hypoxantus,2,12, cls_2 ,1.1358,131.7332,0.2774,1.7354,,,,,
B_hypoxantus,2,15, cls_2 ,1,294.5644,0.3986,0.1021,,,,,
B_hypoxantus,2,18, cls_2 ,1.1346,131.7332,1.0496,0.4083,,,,,
B_hypoxantus,2,19, cls_2 ,1.1358,90.3682,6.5906,1.7354,,,,,
B_hypoxantus,2,22, cls_2 ,1.1407,90.3682,2.3008,5.3082,,,,,
B_hypoxantus,2,24, cls_2 ,1.0937,230.3947,0.303,2.2458,,,,,
B_hypoxantus,2,31, cls_2 ,1.0819,204.5798,0.7524,0.6125,,,,,
B_hypoxantus,2,33, cls_2 ,1.112,204.5798,0.4468,0.9187,,,,,
B_hypoxantus,2,37, cls_2 ,1.0734,557.9828,0.2845,3.0624,,,,,
B_hypoxantus,2,40, cls_2 ,1.0155,314.671,0.2962,0.2042,,,,,
B_hypoxantus,2,42, cls_2 ,1.1125,230.3947,0.608,0.6125,,,,,
B_hypoxantus,2,46, cls_2 ,1.1066,230.3947,0.156,3.0624,,,,,
B_hypoxantus,2,49, cls_2 ,1.0311,101.0348,0.3843,1.5312,,,,,
B_hypoxantus,2,52, cls_2 ,1.1296,457.4544,0.1833,1.6333,,,,,
B_hypoxantus,2,53, cls_2 ,1.0909,95.85,1.7242,0.2042,,,,,
B_hypoxantus,2,54, cls_2 ,1,95.85,0.8471,0.1021,,,,,
B_hypoxantus,2,61, cls_2 ,1.1519,63.9,0.4051,0.9187,,,,,
B_hypoxantus,2,62, cls_2 ,1,63.9,2.3948,0.1021,,,,,
B_hypoxantus,2,63, cls_2 ,1.0465,457.4544,0.1887,0.6125,,,,,
B_hypoxantus,2,64, cls_2 ,1.0471,63.9,10.9533,1.9395,,,,,
B_hypoxantus,2,65, cls_2 ,1.0155,202.0695,2.2782,0.2042,,,,,
B_hypoxantus,2,66, cls_2 ,1.1261,63.9,5.4389,3.879,,,,,
B_hypoxantus,2,69, cls_2 ,1.1795,243.324,0.4254,7.2477,,,,,
B_hypoxantus,2,71, cls_2 ,1.0734,159.75,2.074,3.0624,,,,,
B_hypoxantus,2,85, cls_2 ,1.0338,2631.9509,0.0276,0.9187,,,,,
B_hypoxantus,2,41, cls_4 ,1.105,3563.8216,0.0028,0.5104,,,,,
B_hypoxantus,2,91, cls_4 ,1.0769,3072.022,0.0057,0.8166,,,,,
B_hypoxantus,2,96, cls_4 ,1.0819,688.2241,0.1075,0.6125,,,,,
B_hypoxantus,2,98, cls_4 ,1.126,71.4424,5.4795,3.0624,,,,,
B_hypoxantus,2,100, cls_4 ,1.1017,71.4424,6.3846,2.3478,,,,,
B_hypoxantus,2,103, cls_4 ,1.0509,63.9,4.1967,1.0208,,,,,
B_hypoxantus,2,107, cls_4 ,1.1506,63.9,3.6134,1.5312,,,,,
B_hypoxantus,2,108, cls_4 ,1.1454,71.4424,3.8789,1.4291,,,,,
B_hypoxantus,2,109, cls_4 ,1.078,71.4424,3.9782,1.225,,,,,
B_hypoxantus,2,110, cls_4 ,1.0592,135.5524,1.0578,2.0416,,,,,
B_hypoxantus,2,123, cls_6 ,1.0647,249.5375,0.2787,1.9395,,,,,
B_hypoxantus,2,126, cls_6 ,1.0395,249.5375,0.3115,1.7354,,,,,
