SPECIES,UA, TYPE , CA , PLAND , NP , PD
M_tridactyla,1, cls_1 ,20937.2718,54.8547,473,1.2392
M_tridactyla,1, cls_4 ,118.8214,0.3113,69,0.1808
M_tridactyla,1, cls_3 ,15161.7754,39.7231,338,0.8855
M_tridactyla,1, cls_2 ,78.806,0.2065,62,0.1624
M_tridactyla,1, cls_5 ,811.1297,2.1251,84,0.2201
M_tridactyla,1, cls_6 ,1060.818,2.7793,112,0.2934
M_tridactyla,2, cls_1 ,16560.2748,36.7923,1098,2.4395
M_tridactyla,2, cls_3 ,27424.2675,60.9291,388,0.862
M_tridactyla,2, cls_5 ,351.3602,0.7806,72,0.16
M_tridactyla,2, cls_6 ,641.8806,1.4261,327,0.7265
M_tridactyla,2, cls_4 ,32.3594,0.0719,22,0.0489
M_tridactyla,3, cls_5 ,124.1296,0.3699,62,0.1848
M_tridactyla,3, cls_3 ,23057.1723,68.7108,175,0.5215
M_tridactyla,3, cls_1 ,9791.1293,29.1777,706,2.1039
M_tridactyla,3, cls_6 ,41.3425,0.1232,18,0.0536
M_tridactyla,3, cls_4 ,540.8212,1.6117,62,0.1848
M_tridactyla,3, cls_2 ,2.2458,0.0067,2,0.006
M_tridactyla,4, cls_5 ,102.999,0.7306,86,0.61
M_tridactyla,4, cls_3 ,9937.7165,70.4918,59,0.4185
M_tridactyla,4, cls_1 ,3831.8884,27.181,297,2.1067
M_tridactyla,4, cls_6 ,89.5244,0.635,18,0.1277
M_tridactyla,4, cls_2 ,51.3464,0.3642,26,0.1844
M_tridactyla,4, cls_4 ,84.2162,0.5974,13,0.0922
