SPECIES,UA_ID,Column,Filled_value
A_guariba,6,ED_Agropecuaria,13.121133588325641
A_guariba,6,ED_Forest,12.408747982686062
A_guariba,6,ED_Herbaceous,0.13435055120157616
A_guariba,6,ED_Non_Vegetated,1.109538942362285
A_guariba,6,ED_Water,0.48693882703790775
A_guariba,6,LPI_Agropecuaria,3.930038653371805
A_guariba,6,LPI_Forest,88.5145463149475
A_guariba,6,LPI_Herbaceous,0.004397187475134952
A_guariba,6,LPI_Non_Vegetated,0.3262294326790598
A_guariba,6,LPI_Water,0.010260104108648221
A_guariba,6,NP_Agropecuaria,384
A_guariba,6,PD_Agropecuaria,0.7876743801138415
A_guariba,6,PROX_MN_Agropecuaria,195.66655911458332
B_arachnoides,1,ED_Agropecuaria,23.71644692574206
B_arachnoides,1,ED_Forest,24.01501193903821
B_arachnoides,1,ED_Herbaceous,0.3829420822711498
B_arachnoides,1,ED_Non_Vegetated,0.7165560319107617
B_arachnoides,1,ED_Water,0.7723747083096072
B_arachnoides,1,LPI_Agropecuaria,0.9970470154948736
B_arachnoides,1,LPI_Forest,90.78436577192342
B_arachnoides,1,LPI_Herbaceous,0.02903215103354458
B_arachnoides,1,LPI_Non_Vegetated,0.06387073227379807
B_arachnoides,1,LPI_Water,0.010783370383887984
B_arachnoides,1,NP_Agropecuaria,448
B_arachnoides,1,PD_Agropecuaria,1.8201995239709057
B_arachnoides,1,PROX_MN_Agropecuaria,32.99884732142857
