Column,N,Pearson_r,Mean_Bias,Median_Rel_Error,Max_Rel_Error,Verdict
LPI_Water,63,0.9999999999999843,7.637842354759484e-9,4.3613254044182476e-9,4.92640074741157e-4,reproduces the stored pipeline; fill gaps only
LPI_Herbaceous,57,1,2.872302586139635e-11,4.212979223558807e-9,1.1911223635344245e-7,reproduces the stored pipeline; fill gaps only
PD_Herbaceous,59,0.9999999998874579,-1.1429382051319024e-6,2.746059927732927e-9,0.0012711706577776456,reproduces the stored pipeline; fill gaps only
PD_Water,65,0.999999999912784,-2.3888816232319537e-7,1.9408280312281427e-9,2.3822552077196893e-4,reproduces the stored pipeline; fill gaps only
LPI_Non_Vegetated,60,1,3.011106687340198e-11,1.5039669563241889e-9,1.2099001456803347e-7,reproduces the stored pipeline; fill gaps only
PLAND_Herbaceous,59,0.9999999999996391,8.060762800453246e-7,1.284391712566426e-9,0.0010305655591264255,reproduces the stored pipeline; fill gaps only
PD_Non_Vegetated,62,0.9999999998838689,7.096734328503421e-7,1.1222494494372134e-9,6.026170145342698e-4,reproduces the stored pipeline; fill gaps only
PLAND_Water,65,0.999999999991533,9.744151379601528e-7,8.353397241929069e-10,4.92640074741157e-4,reproduces the stored pipeline; fill gaps only
PLAND_Non_Vegetated,62,0.9999999999950676,9.446535362159382e-7,3.995204322022123e-10,1.2797846169889025e-4,reproduces the stored pipeline; fill gaps only
PD_Agropecuaria,65,0.9999999999999999,3.003389993970164e-11,2.63919881570048e-10,2.0460692289751896e-9,reproduces the stored pipeline; fill gaps only
ED_Herbaceous,57,1,-1.003740693448978e-10,2.336552147299288e-10,2.8299578547400895e-8,reproduces the stored pipeline; fill gaps only
PD_Forest,67,0.9999999999776075,-4.6975268515512157e-7,2.2142118282855737e-10,2.847364400444803e-4,reproduces the stored pipeline; fill gaps only
ED_Water,63,1,-2.638109909372301e-11,2.0362421376103006e-10,3.071034003954346e-8,reproduces the stored pipeline; fill gaps only
ED_Non_Vegetated,60,1,-5.666985572934843e-11,1.434924285834024e-10,7.98851799452328e-9,reproduces the stored pipeline; fill gaps only
PROX_MN_Water,65,0.9999999999999603,4.912112566797175e-8,1.0305126128552366e-10,1.442591702547905e-6,reproduces the stored pipeline; fill gaps only
PROX_MN_Herbaceous,59,0.999999999999992,1.2290319028197475e-5,1.029669501486024e-10,2.0937876574131892e-6,reproduces the stored pipeline; fill gaps only
CA_Forest,67,0.9999999999998739,-0.002424325661848601,9.823610116487808e-11,2.9107313080197113e-6,reproduces the stored pipeline; fill gaps only
CA_Water,65,0.9999999999999968,-4.7842858202456615e-6,8.317118279519786e-11,4.330578414293483e-6,reproduces the stored pipeline; fill gaps only
PROX_MN_Agropecuaria,65,0.9999999714949217,-0.3113594760359434,7.952056805366839e-11,0.0047623989980607575,reproduces the stored pipeline; fill gaps only
PROX_MN_Forest,67,0.9999999999999207,-9.129447435543434e-5,7.49750964410936e-11,3.5670402511045183e-6,reproduces the stored pipeline; fill gaps only
LPI_Agropecuaria,65,1,-4.912520458797933e-10,7.213871725156343e-11,2.5262182625750092e-09,reproduces the stored pipeline; fill gaps only
CA_Agropecuaria,67,0.9999999999999967,-3.435738286700157e-4,7.02576541111631e-11,5.5624435037444905e-6,reproduces the stored pipeline; fill gaps only
PROX_MN_Non_Vegetated,62,0.9999999999993533,3.397378670938881e-7,6.84037848305292e-11,3.5307409848122173e-6,reproduces the stored pipeline; fill gaps only
PLAND_Agropecuaria,67,0.9999999999999225,-1.4760924892503443e-6,6.354664156402376e-11,1.139213541113779e-5,reproduces the stored pipeline; fill gaps only
CA_Non_Vegetated,62,0.9999999999999885,-2.4636599902973993e-5,6.123077560282787e-11,4.059010760502211e-6,reproduces the stored pipeline; fill gaps only
ED_Forest,65,0.9999999999999998,-2.0490941593082495e-10,5.732532405384658e-11,2.201518872978506e-10,reproduces the stored pipeline; fill gaps only
CA_Herbaceous,59,0.9999999999999998,-1.6205263716691444e-6,5.579532596084962e-11,4.359716897206693e-6,reproduces the stored pipeline; fill gaps only
LPI_Forest,65,1,-2.9921875917164715e-10,5.528204091363209e-11,5.465840475649677e-10,reproduces the stored pipeline; fill gaps only
PLAND_Forest,67,0.9999999999999953,4.4645064131171223e-7,4.845245090742282e-11,2.2946983006038728e-7,reproduces the stored pipeline; fill gaps only
ED_Agropecuaria,65,1,-8.654484308688272e-11,4.807834695263725e-11,4.1277894127987757e-10,reproduces the stored pipeline; fill gaps only
NP_Forest,67,0.9999999999999999,0,0,0,reproduces the stored pipeline; fill gaps only
NP_Herbaceous,59,0.9999999999999999,0,0,0,reproduces the stored pipeline; fill gaps only
NP_Agropecuaria,65,1,0,0,0,reproduces the stored pipeline; fill gaps only
NP_Water,65,0.9999999999999998,0,0,0,reproduces the stored pipeline; fill gaps only
NP_Non_Vegetated,62,1,0,0,0,reproduces the stored pipeline; fill gaps only
