"Group","Metric","n","beta","se","p"
"Alouatta","PD_Forest",12,-0.2345,0.3949,0.5658
"Alouatta","Mean_FRAC_Forest",12,0.2935,0.3876,0.4663
"Alouatta","Mean_ENN_Forest_m",12,-0.194,0.2031,0.3621
"Alouatta","PROX_MN_Forest",12,0.4562,0.3553,0.2281
"Alouatta","PLAND_Forest",12,0.4073,0.3149,0.225
"Brachyteles","PD_Forest",11,-0.1972,0.2212,0.3958
"Brachyteles","Mean_FRAC_Forest",11,-0.0567,0.2297,0.8105
"Brachyteles","Mean_ENN_Forest_m",11,-0.5814,0.3781,0.1585
"Brachyteles","PROX_MN_Forest",11,1.2822,0.2845,0.0015
"Brachyteles","PLAND_Forest",11,0.2885,0.2227,0.2275
"Bradypus","PD_Forest",5,1.3868,0.5269,0.0782
"Bradypus","Mean_FRAC_Forest",5,0.6364,0.7255,0.445
"Bradypus","Mean_ENN_Forest_m",5,0.5837,0.5116,0.3367
"Bradypus","PROX_MN_Forest",5,-1.0794,1.3655,0.487
"Bradypus","PLAND_Forest",5,-0.6276,0.2329,0.0741
"Leopardus","PD_Forest",6,0.1752,0.9016,0.8554
"Leopardus","Mean_FRAC_Forest",6,0.1395,0.6262,0.8347
"Leopardus","Mean_ENN_Forest_m",6,-0.0433,0.3566,0.9093
"Leopardus","PROX_MN_Forest",6,0.2231,0.2325,0.3918
"Leopardus","PLAND_Forest",6,-0.0303,0.5214,0.9564
"Mazama","PD_Forest",10,-0.5795,0.2177,0.0287
"Mazama","Mean_FRAC_Forest",10,-0.0128,0.3525,0.9719
"Mazama","Mean_ENN_Forest_m",10,-1.1519,0.3275,0.0079
"Mazama","PROX_MN_Forest",10,0.4644,0.3694,0.2442
"Mazama","PLAND_Forest",10,0.6706,0.2944,0.0522
"Myrmecophaga","PD_Forest",4,-0.0793,0.6076,0.908
"Myrmecophaga","Mean_FRAC_Forest",4,-1.591,0.6078,0.1202
"Myrmecophaga","Mean_ENN_Forest_m",4,-1.3925,1.7086,0.5007
"Myrmecophaga","PROX_MN_Forest",4,2.2565,2.5645,0.4717
"Myrmecophaga","PLAND_Forest",4,0.6285,0.6777,0.4516
"Puma","PD_Forest",12,-0.0614,0.184,0.7454
"Puma","Mean_FRAC_Forest",12,-0.0338,0.1623,0.8392
"Puma","Mean_ENN_Forest_m",12,0.2192,0.3653,0.5618
"Puma","PROX_MN_Forest",12,0.1617,0.1383,0.2695
"Puma","PLAND_Forest",12,0.0119,0.1843,0.9499
"Tayassu","PD_Forest",7,0.0931,0.1193,0.4706
"Tayassu","Mean_FRAC_Forest",7,0.137,0.08,0.1474
"Tayassu","Mean_ENN_Forest_m",7,0.3647,0.2853,0.2573
"Tayassu","PROX_MN_Forest",7,-0.2158,0.255,0.4361
"Tayassu","PLAND_Forest",7,-0.1085,0.1473,0.4943
"All species","PD_Forest",67,-0.2045,0.1137,0.0766
"All species","Mean_FRAC_Forest",67,0.1414,0.1152,0.2238
"All species","Mean_ENN_Forest_m",67,-0.1208,0.1155,0.2998
"All species","PROX_MN_Forest",67,0.3284,0.1091,0.0037
"All species","PLAND_Forest",67,0.1209,0.1155,0.299
