"Group","Metric","n","rho"
"Alouatta","Mean_ENN_Forest_m",12,-0.615384615384615
"Alouatta","Mean_FRAC_Forest",12,-0.041958041958042
"Alouatta","PD_Forest",12,-0.0979020979020979
"Alouatta","PLAND_Forest",12,0.608391608391608
"Alouatta","PROX_MN_Forest",12,0.636363636363636
"Brachyteles","Mean_ENN_Forest_m",11,-0.145454545454545
"Brachyteles","Mean_FRAC_Forest",11,-0.181818181818182
"Brachyteles","PD_Forest",11,-0.281818181818182
"Brachyteles","PLAND_Forest",11,0.0727272727272727
"Brachyteles","PROX_MN_Forest",11,0.818181818181818
"Bradypus","Mean_ENN_Forest_m",5,0.6
"Bradypus","Mean_FRAC_Forest",5,0.4
"Bradypus","PD_Forest",5,0.1
"Bradypus","PLAND_Forest",5,-0.6
"Bradypus","PROX_MN_Forest",5,0.1
"Leopardus","Mean_ENN_Forest_m",6,-0.0285714285714286
"Leopardus","Mean_FRAC_Forest",6,0.142857142857143
"Leopardus","PD_Forest",6,0.257142857142857
"Leopardus","PLAND_Forest",6,0.142857142857143
"Leopardus","PROX_MN_Forest",6,0.771428571428571
"Mazama","Mean_ENN_Forest_m",10,-0.527272727272727
"Mazama","Mean_FRAC_Forest",10,-0.139393939393939
"Mazama","PD_Forest",10,-0.721212121212121
"Mazama","PLAND_Forest",10,0.660606060606061
"Mazama","PROX_MN_Forest",10,0.757575757575757
"Myrmecophaga","Mean_ENN_Forest_m",4,-0.4
"Myrmecophaga","Mean_FRAC_Forest",4,-0.8
"Myrmecophaga","PD_Forest",4,0.2
"Myrmecophaga","PLAND_Forest",4,0.8
"Myrmecophaga","PROX_MN_Forest",4,0.8
"Puma","Mean_ENN_Forest_m",12,0.181818181818182
"Puma","Mean_FRAC_Forest",12,-0.153846153846154
"Puma","PD_Forest",12,-0.013986013986014
"Puma","PLAND_Forest",12,0.055944055944056
"Puma","PROX_MN_Forest",12,0.321678321678322
"Tayassu","Mean_ENN_Forest_m",7,0.678571428571428
"Tayassu","Mean_FRAC_Forest",7,0.642857142857143
"Tayassu","PD_Forest",7,0.714285714285714
"Tayassu","PLAND_Forest",7,-0.642857142857143
"Tayassu","PROX_MN_Forest",7,-0.464285714285714
"Overall","Mean_ENN_Forest_m",67,0.00574666773086439
"Overall","Mean_FRAC_Forest",67,0.0875967754808844
"Overall","PD_Forest",67,-0.0448958416473781
"Overall","PLAND_Forest",67,0.0881953867028494
"Overall","PROX_MN_Forest",67,0.361960252214862
