"Metric","Genus","N_units","Slope","CI_lower","CI_upper","Significant"
"PD_Forest","Alouatta",12,-0.0679,-0.6548,0.5189,"no"
"PD_Forest","Brachyteles",11,-0.18,-0.7376,0.3776,"no"
"PD_Forest","Bradypus",5,1.4211,-1.243,4.0852,"no"
"PD_Forest","Leopardus",6,0.1364,-1.1023,1.3751,"no"
"PD_Forest","Mazama",10,-0.4012,-0.8197,0.0174,"no"
"PD_Forest","Myrmecophaga",4,-0.0176,-1.6777,1.6425,"no"
"PD_Forest","Puma",12,-0.0698,-0.6621,0.5225,"no"
"PD_Forest","Tayassu",7,0.0954,-0.538,0.7288,"no"
"Mean_FRAC_Forest","Alouatta",12,0.2136,-0.3645,0.7916,"no"
"Mean_FRAC_Forest","Brachyteles",11,-0.0327,-0.5857,0.5203,"no"
"Mean_FRAC_Forest","Bradypus",5,0.5821,-1.6629,2.827,"no"
"Mean_FRAC_Forest","Leopardus",6,0.023,-0.8327,0.8787,"no"
"Mean_FRAC_Forest","Mazama",10,-0.0739,-0.5641,0.4162,"no"
"Mean_FRAC_Forest","Myrmecophaga",4,-1.5988,-5.0541,1.8565,"no"
"Mean_FRAC_Forest","Puma",12,-0.0443,-0.5613,0.4728,"no"
"Mean_FRAC_Forest","Tayassu",7,0.1494,-0.3522,0.6511,"no"
"Mean_ENN_Forest_m","Alouatta",12,-0.2318,-0.5237,0.0601,"no"
"Mean_ENN_Forest_m","Brachyteles",11,-0.6806,-1.6476,0.2864,"no"
"Mean_ENN_Forest_m","Bradypus",5,0.4873,-1.1165,2.091,"no"
"Mean_ENN_Forest_m","Leopardus",6,-0.1875,-0.6476,0.2726,"no"
"Mean_ENN_Forest_m","Mazama",10,-1.1275,-1.8165,-0.4385,"yes"
"Mean_ENN_Forest_m","Myrmecophaga",4,-1.1715,-6.2252,3.8822,"no"
"Mean_ENN_Forest_m","Puma",12,0.1633,-0.9578,1.2844,"no"
"Mean_ENN_Forest_m","Tayassu",7,0.3653,-1.1862,1.9168,"no"
"PROX_MN_Forest","Alouatta",12,0.6007,0.1674,1.034,"yes"
"PROX_MN_Forest","Brachyteles",11,1.2891,0.3294,2.2489,"yes"
"PROX_MN_Forest","Bradypus",5,-0.604,-3.8319,2.624,"no"
"PROX_MN_Forest","Leopardus",6,0.1692,-0.1036,0.4421,"no"
"PROX_MN_Forest","Mazama",10,0.2408,-0.197,0.6787,"no"
"PROX_MN_Forest","Myrmecophaga",4,1.9122,-4.4457,8.2701,"no"
"PROX_MN_Forest","Puma",12,0.202,-0.1632,0.5671,"no"
"PROX_MN_Forest","Tayassu",7,-0.2045,-1.2619,0.8529,"no"
"PLAND_Forest","Alouatta",12,0.5329,0.0821,0.9838,"yes"
"PLAND_Forest","Brachyteles",11,0.2564,-0.2755,0.7882,"no"
"PLAND_Forest","Bradypus",5,-0.6155,-1.7017,0.4707,"no"
"PLAND_Forest","Leopardus",6,0.1794,-0.4677,0.8265,"no"
"PLAND_Forest","Mazama",10,0.4984,0.0184,0.9784,"yes"
"PLAND_Forest","Myrmecophaga",4,0.5391,-1.4614,2.5395,"no"
"PLAND_Forest","Puma",12,0.0318,-0.5035,0.567,"no"
"PLAND_Forest","Tayassu",7,-0.1007,-0.8057,0.6044,"no"
