"Model","Predictor","Estimate","SE","P_value","Note"
"M1. Reference model","Mean_FRAC_Forest",0.6675,0.1244,0,"reference"
"M1. Reference model","PD_Forest",-0.3241,0.122,0.0079,"reference"
"M1. Reference model","PROX_MN_Forest",0.5499,0.1176,0,"reference"
"M1. Reference model","ICC (genus)",0.1042,,,"reference"
"M2. + PLAND (proportion of forest)","Mean_FRAC_Forest",0.6797,0.1236,0,"habitat-amount control; PLAND = 100 x CA / OHE"
"M2. + PLAND (proportion of forest)","PD_Forest",-0.4468,0.1529,0.0035,"habitat-amount control; PLAND = 100 x CA / OHE"
"M2. + PLAND (proportion of forest)","PROX_MN_Forest",0.6199,0.1258,0,"habitat-amount control; PLAND = 100 x CA / OHE"
"M2. + PLAND (proportion of forest)","PLAND_Forest",-0.201,0.1589,0.206,"habitat-amount control; PLAND = 100 x CA / OHE"
"M2. + PLAND (proportion of forest)","ICC (genus)",0.0638,,,"habitat-amount control; PLAND = 100 x CA / OHE"
"M3. + log(NP) (number of patches)","Mean_FRAC_Forest",-0.0709,0.0764,0.3538,"circular: log(OHE) = log(NP) + log(100) - log(PD)"
"M3. + log(NP) (number of patches)","PD_Forest",-0.5606,0.0574,0,"circular: log(OHE) = log(NP) + log(100) - log(PD)"
"M3. + log(NP) (number of patches)","PROX_MN_Forest",0.1904,0.0594,0.0014,"circular: log(OHE) = log(NP) + log(100) - log(PD)"
"M3. + log(NP) (number of patches)","log_NP",0.997,0.0621,0,"circular: log(OHE) = log(NP) + log(100) - log(PD)"
"M3. + log(NP) (number of patches)","ICC (genus)",0,,,"circular: log(OHE) = log(NP) + log(100) - log(PD)"
"M4. + log(CA) (absolute forest area)","Mean_FRAC_Forest",0.1721,0.083,0.038,"circular: CA = PLAND x OHE / 100"
"M4. + log(CA) (absolute forest area)","PD_Forest",0.0612,0.0785,0.4355,"circular: CA = PLAND x OHE / 100"
"M4. + log(CA) (absolute forest area)","PROX_MN_Forest",0.006,0.0829,0.9426,"circular: CA = PLAND x OHE / 100"
"M4. + log(CA) (absolute forest area)","log_CA",0.8114,0.0716,0,"circular: CA = PLAND x OHE / 100"
"M4. + log(CA) (absolute forest area)","ICC (genus)",0.2472,,,"circular: CA = PLAND x OHE / 100"
"Partial correlation of PROX_MN with log(OHE)","controlling for none",0.3497,,,"no control"
"Partial correlation of PROX_MN with log(OHE)","controlling for PLAND",0.3555,,,"habitat-amount control"
"Partial correlation of PROX_MN with log(OHE)","controlling for log(NP)",0.6879,,,"circular control"
"Partial correlation of PROX_MN with log(OHE)","controlling for PLAND + log(NP)",0.4174,,,"circular control"
"Algebraic identity check","max |log(NP)+log(100)-log(PD) - log(OHE)|",0.0277,,,"PD = NP/(area/100) holds exactly on the pixels; the residual is pixel against polygon area"
