"(Intercept)","Mean_ENN_Forest_m_z","Mean_FRAC_Forest_z","PD_Forest_z","PLAND_Forest_z","PROX_MN_Forest_z","PLAND_Forest_z:PROX_MN_Forest_z","df","logLik","AICc","delta","weight"
11.0166,-0.3523,0.3677,-0.644,-1.3062,1.363,-0.7138,8,-757.5907,1533.6641,0,0.511
11.0206,NA,0.4221,-0.3323,-0.7637,1.3627,-0.7036,7,-759.6381,1535.1745,1.5104,0.2401
11.0736,NA,0.2571,NA,-0.6738,1.4353,-0.766,6,-761.9074,1537.2148,3.5507,0.0866
11.1542,-0.4443,NA,-0.5447,-1.6029,1.4797,-0.8981,7,-760.9467,1537.7916,4.1275,0.0649
11.18,NA,NA,NA,-0.8886,1.5199,-0.9118,5,-763.8941,1538.7718,5.1077,0.0397
11.0699,0.0325,0.2754,NA,-0.6326,1.4296,-0.7606,7,-761.8732,1539.6446,5.9805,0.0257
11.1835,NA,NA,-0.1059,-0.9653,1.5138,-0.9197,6,-763.6175,1540.635,6.9709,0.0157
11.1715,-0.0794,NA,NA,-0.9469,1.5179,-0.9009,6,-763.6539,1540.7078,7.0437,0.0151
10.5995,-0.3137,0.6655,-0.7152,-0.827,0.739,NA,7,-766.0017,1547.9018,14.2377,4e-04
10.608,NA,0.7235,-0.4534,-0.3445,0.7399,NA,6,-767.3185,1548.0371,14.373,4e-04
10.6214,NA,0.7802,-0.3087,NA,0.6169,NA,5,-769.3353,1549.6542,15.9901,2e-04
10.634,NA,0.596,NA,NA,0.6746,NA,4,-771.13,1550.9052,17.2411,1e-04
10.618,0.0961,0.7701,-0.2838,NA,0.6715,NA,6,-768.8358,1551.0716,17.4075,1e-04
10.628,0.1217,0.6023,NA,NA,0.742,NA,5,-770.2864,1551.5565,17.8924,1e-04
10.6296,NA,0.5313,NA,-0.1655,0.7556,NA,5,-770.518,1552.0195,18.3554,1e-04
10.6279,0.1014,0.5842,NA,-0.0431,0.7517,NA,6,-770.2691,1553.9382,20.2741,0
10.6859,NA,NA,NA,-0.4482,0.6109,NA,4,-777.7853,1564.2157,30.5516,0
10.6668,-0.5321,NA,-0.5593,-1.2452,0.6034,NA,6,-775.4679,1564.3358,30.6717,0
10.6805,-0.1692,NA,NA,-0.5815,0.6308,NA,5,-777.1438,1565.2711,31.607,0
10.6858,NA,NA,-0.0292,-0.4687,0.6077,NA,5,-777.7738,1566.5311,32.867,0
10.7199,NA,NA,NA,NA,0.3272,NA,3,-781.6071,1569.5951,35.931,0
10.7102,NA,NA,0.2226,NA,0.4363,NA,4,-780.554,1569.7532,36.0891,0
10.704,0.1422,NA,0.2615,NA,0.5164,NA,5,-779.8648,1570.7132,37.0491,0
10.7168,0.106,NA,NA,NA,0.3662,NA,4,-781.2739,1571.193,37.5289,0
10.7292,NA,0.5127,-0.541,NA,NA,NA,4,-782.5994,1573.8439,40.1798,0
10.7231,-0.1255,0.5452,-0.5435,NA,NA,NA,5,-781.9516,1574.8868,41.2227,0
10.7714,NA,NA,NA,NA,NA,NA,2,-786.803,1577.7935,44.1294,0
10.7662,NA,0.1166,NA,NA,NA,NA,3,-786.3031,1578.9871,45.323,0
10.7677,NA,NA,-0.1093,NA,NA,NA,3,-786.4525,1579.286,45.6219,0
10.7693,-0.0731,NA,NA,NA,NA,NA,3,-786.5988,1579.5786,45.9145,0
10.7618,-0.1017,0.1446,NA,NA,NA,NA,4,-785.8791,1580.4033,46.7392,0
10.7662,-0.0646,NA,-0.1007,NA,NA,NA,4,-786.307,1581.2591,47.595,0
