"SPECIES","UA_ID","Column","Value"
"A_guariba",6,"ED_Forest",12.4087479826861
"B_arachnoides",1,"ED_Forest",24.0150119390382
"A_guariba",6,"ED_Herbaceous",0.134350551201576
"B_arachnoides",1,"ED_Herbaceous",0.38294208227115
"A_guariba",6,"ED_Agropecuaria",13.1211335883256
"B_arachnoides",1,"ED_Agropecuaria",23.7164469257421
"A_guariba",6,"ED_Water",0.486938827037908
"B_arachnoides",1,"ED_Water",0.772374708309607
"A_guariba",6,"ED_Non_Vegetated",1.10953894236229
"B_arachnoides",1,"ED_Non_Vegetated",0.716556031910762
"A_guariba",6,"LPI_Forest",88.5145463149475
"B_arachnoides",1,"LPI_Forest",90.7843657719234
"A_guariba",6,"LPI_Herbaceous",0.00439718747513495
"B_arachnoides",1,"LPI_Herbaceous",0.0290321510335446
"A_guariba",6,"LPI_Agropecuaria",3.9300386533718
"B_arachnoides",1,"LPI_Agropecuaria",0.997047015494874
"A_guariba",6,"LPI_Water",0.0102601041086482
"B_arachnoides",1,"LPI_Water",0.010783370383888
"A_guariba",6,"LPI_Non_Vegetated",0.32622943267906
"B_arachnoides",1,"LPI_Non_Vegetated",0.0638707322737981
"A_guariba",6,"NP_Agropecuaria",384
"B_arachnoides",1,"NP_Agropecuaria",448
"A_guariba",6,"PD_Agropecuaria",0.787674380113841
"B_arachnoides",1,"PD_Agropecuaria",1.82019952397091
"A_guariba",6,"PROX_MN_Agropecuaria",195.666559114583
"B_arachnoides",1,"PROX_MN_Agropecuaria",32.9988473214286
