"SPECIES","N_SUs","PLAND_Herbaceous_Mean","PLAND_Herbaceous_SD","PLAND_Herbaceous_Median","PLAND_NonVegetated_Mean","PLAND_NonVegetated_SD","PLAND_NonVegetated_Median","LPI_Forest_Mean","LPI_Forest_Median","PLAND_Forest_Min","PLAND_Forest_Max"
"A_guariba",12,1.17745741016667,1.67059029061506,0.119429407,1.04653861516667,0.802210010797383,0.8214879055,25.889417945829,7.790999318,4.509385994,91.6401
"B_arachnoides",9,0.87012214,1.23337850473245,0.244177485,0.509750133555556,0.729093175945095,0.342034875,71.6112361153248,78.78832823,20.37577237,98.45977934
"B_crinitus",5,0.9523843212,0.673899362359965,0.582945956,0.9726364274,0.925594941211533,0.598750338,35.5755232868,37.79063534,33.21504434,80.16347255
"B_hypoxanthus",2,0.231075611,0.32679026300985,0.231075611,0.0194817845,0.0275514038591299,0.0194817845,51.90500468,51.90500468,25.93839049,94.18468732
"L_wiedii",6,7.139593504,15.5920480428814,0.9229788945,4.05235570383333,4.3878828024776,2.3273502995,41.722045624,39.63579303,4.229314117,90.9246127
"M_tridactyla",4,0.14434464825,0.175106844472834,0.1065801615,1.24090083075,1.15719139296463,1.030554305,19.2372304165,12.1795105345,27.18096507,54.85467013
"Mazama",10,0.0920632093,0.156855506018014,0.015245542,1.5411934845,1.92872845831648,0.675321744,28.1813987837,5.8661076795,10.80747558,95.52799329
"P_concolor",12,0.85738398175,1.23377990859346,0.127478387,0.71252366975,0.860526700316985,0.5038004505,46.734231789,49.42514356,28.05716347,97.76910747
"T_pecari",7,0.567604648,1.43487992748885,0.030406535,0.956150012714286,1.02300116706001,0.910585726,54.0663102668571,57.64065556,30.26449625,97.7287938
