"SPECIES","N_SUs","PLAND_Forest_Mean","PLAND_Forest_SD","PLAND_Forest_Median","PLAND_Forest_Min","PLAND_Forest_Max","PLAND_Farming_Mean","PLAND_Farming_SD","PLAND_Farming_Median","PLAND_ShrubHerb_Mean","PLAND_ShrubHerb_SD","PLAND_ShrubHerb_Median","Shannon_Mean","Shannon_SD","Shannon_Median"
"B_arachnoides",9,75.5041968022222,22.419132487334,81.20715783,20.37577237,98.45977934,23.0384673554444,22.2914967111016,18.12026439,0.87012214,1.23337850473245,0.244177485,0.466365958641194,0.186372742717814,0.49451907165461
"T_pecari",7,63.2121074171429,25.2838509044251,66.0184669,30.26449625,97.7287938,34.901884735,24.8869487857732,32.58080537,0.567604648,1.43487992748885,0.030406535,0.539073717636369,0.223364721926811,0.637092374265789
"B_hypoxanthus",2,60.061538905,48.257419279363,60.061538905,25.93839049,94.18468732,39.627718971,48.5266468826969,39.627718971,0.231075611,0.32679026300985,0.231075611,0.404840464625932,0.237444706035854,0.404840464625932
"P_concolor",12,59.6423101641667,24.5965428049204,62.384097335,28.05716347,97.76910747,38.4863658923333,24.0496697945206,35.227895925,0.85738398175,1.23377990859346,0.127478387,0.578780314586828,0.198309540391493,0.615145240462446
"B_crinitus",5,53.96102958,20.1001017698413,53.92552778,33.21504434,80.16347255,43.740070272,20.1964194243976,44.22112468,0.9523843212,0.673899362359965,0.582945956,0.660886886678012,0.10423462474755,0.662648926339438
"L_wiedii",6,52.6200503311667,30.1761780135934,52.199656605,4.229314117,90.9246127,35.362416099,19.1108897356589,38.72370827,7.139593504,15.5920480428814,0.9229788945,0.638577514399993,0.208238482137242,0.711062041461762
"Mazama",10,41.019836935,30.3218562232905,28.46744834,10.80747558,95.52799329,55.5797581224,28.3126430156715,70.145979955,0.0920632093,0.156855506018014,0.015245542,0.497366110718101,0.175144360607804,0.545202062078536
"A_guariba",12,39.2777910784167,29.2012828890605,29.30228575,4.509385994,91.6401,57.86125956,28.665993085208,68.60213734,1.17745741016667,1.67059029061506,0.119429407,0.53461930511547,0.188567350443893,0.550719062697135
"M_tridactyla",4,37.0014244725,12.6020301915776,32.985031345,27.18096507,54.85467013,60.6117641775,14.4643374537466,65.66171528,0.14434464825,0.175106844472834,0.1065801615,0.643673524067121,0.0425000056119953,0.637043015668546
