"SPECIES","N_SUs","NP_Forest_Mean","NP_Forest_Median","PD_Forest_Mean","PD_Forest_SD","PD_Forest_Median","AREA_MN_Forest_Mean","AREA_MN_Forest_SD","AREA_MN_Forest_Median","MPS_Forest_Mean","MPS_Forest_Median","ED_Forest_Mean","ED_Forest_Median","FRAC_Forest_Mean","FRAC_Forest_Median","ENN_Forest_Mean","ENN_Forest_Median","PROX_Forest_Mean","PROX_Forest_Median"
"B_arachnoides",9,147.666666666667,81,0.806004617222222,0.868348355551025,0.634871839,441.823422882046,845.515710586039,132.235043055555,441.821985722429,132.234572652778,28.5964799788931,25.0351312,1.07326752035768,1.07621337579618,105.222293050017,104.351306172839,14160.3107909156,15067.9365
"B_hypoxanthus",2,37,37,0.816352126,0.989557110208791,0.816352126,412.33291002886,558.931049653473,412.33291002886,412.331460422078,412.331460422078,21.28366714,21.28366714,1.07636659451659,1.07636659451659,135.406720490621,135.406720490621,5175.55517795,5175.55517795
"T_pecari",7,380.428571428571,394,1.21435295,0.951643976851781,1.128920294,365.661884566261,750.906888289806,53.4221703045682,365.660590646391,53.4219816497462,35.4793728152857,39.05049867,1.07871402391153,1.08353582317073,105.651687180917,104.502357469512,11993.9576132143,11900.74212
"P_concolor",12,591.166666666667,612.5,1.12998004041667,0.751591751904153,1.078967464,227.974835512649,475.439594289308,58.1609177038474,227.974027926342,58.1607113376468,35.1037138079167,35.508837095,1.0789423386457,1.08106521857678,113.64552733513,114.411234412839,19597.6127419417,10652.259525
"Mazama",10,412.7,223,1.8839856037,1.17590123053499,2.157194003,172.468937282377,362.422054375642,12.6354599950662,172.468325809339,12.635411730178,35.657361948,36.69967739,1.07957130403845,1.08322870915033,130.601232382926,131.52423416223,11394.63627263,219.5034052
"L_wiedii",6,855.5,678,1.02904597866667,0.533064398806675,1.107032536,113.6128260109,187.953210100759,40.4982955381601,113.612421531936,40.4981507369355,32.7740894233333,38.17898453,1.07897963001398,1.08164747983683,138.950497833975,116.211070856961,28408.2269993083,6960.601563
"A_guariba",12,1020.08333333333,465.5,1.33761223291667,0.75858759503723,1.263483555,87.27679201678,158.789298029724,13.5069247713539,87.2765780581035,13.5068753581875,30.6746391688905,32.578211685,1.08038691701668,1.08190817861499,156.467534275989,125.981890100875,11714.9914415283,439.67143155
"B_crinitus",5,762.2,933,1.1934119594,0.277104345195679,1.261239528,51.4843502613466,35.3581067948019,43.8838445394111,51.4841672614172,43.8836889458689,38.737921788,35.27021611,1.08181633336997,1.08135348338692,121.470239017945,113.400644539411,5964.238505,6083.232479
"M_tridactyla",4,643.5,589.5,1.9723341935,0.513485675134258,2.1053178995,21.529377102726,15.1832030633169,14.4753380634117,21.5292987302046,14.4752851666576,44.148214945,46.114050985,1.088272168592,1.0880018581299,126.691932001329,130.474947165453,1922.000292275,1100.6824978
