"Quantity","Value","Note"
"max |log(NP) + log(100) - log(PD) - log(OHE)|",0.0277,"if near zero, PD is an exact function of the response given NP"
"Pearson r, PLAND_Forest with log(OHE)",0.1288,"marginal association, no conditioning"
"Spearman rho, PLAND_Forest with log(OHE)",0.0882,"distribution-free cross-check of the line above"
"Pearson r, PD_Forest with log(OHE)",-0.2178,"marginal association, no conditioning"
"Pearson r, log(CA_Forest) with log(OHE)",0.8367,"the response bounds this quantity from above"
"Pearson r, PROX_MN_Forest with log(OHE)",0.3497,"PROX is not normalized by the window area"
"Partial r, PROX_MN with log(OHE), controlling PLAND",0.3555,"conditioning on a ratio that contains the response"
"Partial r, PROX_MN with log(OHE), controlling PLAND and PD",0.3362,"conditioning on two quantities that contain the response"
"Partial r, PROX_MN with log(OHE), controlling Mean_AREA_Forest_ha",0.4269,"conditioning on a quantity free of the response"
