"Variable","VIF","Pool"
"PD_Forest",2.452,"RDA constrained ordination"
"Mean_FRAC_Forest",3.196,"RDA constrained ordination"
"Mean_ENN_Forest_m",2.052,"RDA constrained ordination"
"PROX_MN_Forest",2.228,"RDA constrained ordination"
"Mean_AREA_Forest_ha",2.62,"RDA constrained ordination"
"PD_Agropecuaria",1.879,"RDA constrained ordination"
"PROX_MN_Agropecuaria",1.666,"RDA constrained ordination"
"Mean_Elevation_m",1.533,"RDA constrained ordination"
"Mean_Pop_Density",1.073,"RDA constrained ordination"
