"SPECIES","UA_ID","MEM5","MEM2"
"A_guariba",1,0.215510120052052,1.3909284477804
"A_guariba",2,-0.0410727993260063,1.02907353974222
"A_guariba",3,-0.233322365204486,-0.25896636702303
"A_guariba",4,0.0815002551856845,-1.70750767735238
"A_guariba",5,0.689486208510717,-0.759141584606148
"A_guariba",6,0.138387546669212,-0.298911041484302
"A_guariba",7,-4.24611249387566,-0.626782938291285
"A_guariba",8,0.717104681200314,-1.82963016820896
"A_guariba",9,-2.5326527903768,-0.768672202225579
"A_guariba",10,-0.428547183115316,0.393607404933248
"A_guariba",11,-3.67826824193445,-0.575522530646697
"A_guariba",12,0.155679372053246,0.108810455469807
"B_arachnoides",1,0.65568541862772,-0.771218050285945
"B_arachnoides",2,0.139891650793538,-0.300140249178086
"B_arachnoides",3,0.864901027181826,0.381852512469014
"B_arachnoides",4,-0.0707574280156725,0.767518074119573
"B_arachnoides",5,0.563077949449419,1.25407238297968
"B_arachnoides",6,0.154495394676782,0.116238846573201
"B_arachnoides",7,-0.428076952749813,0.394112543235481
"B_arachnoides",8,0.33486533819598,1.11459174065488
"B_arachnoides",9,0.852008066923169,-1.75870559980314
"B_crinitus",1,0.959751367706673,-1.69115169234833
"B_crinitus",2,0.852653532129773,-1.75980595998318
"B_crinitus",3,-0.125364059696336,0.666649953309009
"B_crinitus",4,0.150533759113693,0.10200240215
"B_crinitus",5,-0.380923622484436,-0.766866541667488
"B_hypoxanthus",1,-3.67766241544695,-0.57549611838384
"B_hypoxanthus",2,-0.429089516055301,0.393417488214916
"L_wiedii",1,-0.0927300476683166,-0.543249028505914
"L_wiedii",2,-0.423057625300037,0.396818977729387
"L_wiedii",3,-0.408063118581557,-1.45540041241384
"L_wiedii",4,0.31119790600688,0.434867396045658
"L_wiedii",5,0.354852340992125,0.107711927788641
"L_wiedii",6,0.851410993812081,-1.75791436492985
"M_tridactyla",1,-0.427079719849845,0.39352306701674
"M_tridactyla",2,0.226701376824802,1.48248985599163
"M_tridactyla",3,0.139028304127539,1.19461358096913
"M_tridactyla",4,-0.53714526984141,0.269244346527194
"Mazama",1,0.13928568409662,1.19469123061098
"Mazama",2,0.307022451336675,1.24149111683754
"Mazama",3,-0.537726346953997,0.268586985056589
"Mazama",4,0.354758662809053,1.19938652393957
"Mazama",5,0.373787027965245,1.1283388003219
"Mazama",6,0.140849045132087,0.187496162221375
"Mazama",7,-0.427425505675212,0.394177855938893
"Mazama",8,0.14126784721214,-0.300485210597821
"Mazama",9,0.688716845764619,-0.759178087499252
"Mazama",10,0.597375586229214,-1.36466508806117
"P_concolor",1,0.217349493011273,1.48303071570888
"P_concolor",2,-0.0709379254914877,0.766668770204265
"P_concolor",3,-0.0336815691898062,-0.380445586408148
"P_concolor",4,0.736846057961923,1.27661154609337
"P_concolor",5,0.959462932315759,-1.69097449826654
"P_concolor",6,0.855095109661823,-1.7600767712182
"P_concolor",7,0.527891080585227,-0.799561102157696
"P_concolor",8,0.189225559565136,-0.204268162391791
"P_concolor",9,0.741825681311096,0.289597431723364
"P_concolor",10,0.692997764132635,0.596989249912733
"P_concolor",11,-0.420442787070454,0.399927730020198
"P_concolor",12,0.139345969535798,1.19456356665479
"T_pecari",1,0.139552551169163,-0.300115262679348
"T_pecari",2,0.138359914776961,1.19402999529647
"T_pecari",3,0.850626058238724,-1.75827587075459
"T_pecari",4,-0.42769791701935,0.393982617112331
"T_pecari",5,0.52927462949674,-0.799543258130712
"T_pecari",6,0.981618724524745,1.23850861499291
"T_pecari",7,0.226580413856843,1.48244756915728
