"Predictor","Df","Variance","F","Pr(>F)"
"Mean_ENN_Forest_m",1,0.0143774936962246,91.141859054219,1e-04
"PD_Forest",1,0.0094440127756019,59.8675192969254,1e-04
"PD_Agropecuaria",1,0.00274792803554387,17.4196751532878,1e-04
"Mean_AREA_Forest_ha",1,0.00172585058037157,10.9405181228612,6e-04
"Mean_FRAC_Forest",1,0.00108095710297785,6.85240710271597,0.0087
"PROX_MN_Agropecuaria",1,0.000884653003377886,5.60799545799356,0.0135
"Mean_Elevation_m",1,0.000484156567116189,3.0691670281772,0.0756
"Mean_Pop_Density",1,0.000245973270971164,1.55927463211797,0.2201
"PROX_MN_Forest",1,0.000105881106756548,0.671201887644999,0.4414
"Residual",57,0.00899166584036085,NA,NA
