"Predictor","Df","Variance","F","Pr(>F)","Test","Response"
"PD_Forest",1,214.100653628293,2.95702394177882,0.0614,"marginal","sqrt(class area)"
"Mean_FRAC_Forest",1,658.473093005021,9.09441735947923,0.0012,"marginal","sqrt(class area)"
"Mean_ENN_Forest_m",1,515.574418357704,7.12079049277107,0.0092,"marginal","sqrt(class area)"
"PROX_MN_Forest",1,1998.90900703336,27.607677468827,1e-04,"marginal","sqrt(class area)"
"Mean_AREA_Forest_ha",1,19.0170867370543,0.26265207429952,0.7586,"marginal","sqrt(class area)"
"PD_Agropecuaria",1,301.396350114595,4.16269734888766,0.0314,"marginal","sqrt(class area)"
"PROX_MN_Agropecuaria",1,2006.84349203528,27.7172635990828,1e-04,"marginal","sqrt(class area)"
"Mean_Elevation_m",1,276.128984829576,3.81372034752272,0.0367,"marginal","sqrt(class area)"
"Mean_Pop_Density",1,125.13046240337,1.7282234636005,0.1615,"marginal","sqrt(class area)"
"Residual",57,4127.03363147999,NA,NA,"marginal","sqrt(class area)"
"PD_Forest",1,1551.73597821386,21.4316040663016,1e-04,"sequential","sqrt(class area)"
"Mean_FRAC_Forest",1,912.82922294189,12.6074246913827,2e-04,"sequential","sqrt(class area)"
"Mean_ENN_Forest_m",1,901.618813029684,12.4525935409599,0.0031,"sequential","sqrt(class area)"
"PROX_MN_Forest",1,2097.3485705641,28.9672629780054,1e-04,"sequential","sqrt(class area)"
"Mean_AREA_Forest_ha",1,57.3197899109346,0.79166498668721,0.4179,"sequential","sqrt(class area)"
"PD_Agropecuaria",1,102.720233730754,1.41870744110057,0.2219,"sequential","sqrt(class area)"
"PROX_MN_Agropecuaria",1,1807.86228250169,24.969059936069,1e-04,"sequential","sqrt(class area)"
"Mean_Elevation_m",1,229.374165786094,3.16797211199822,0.0599,"sequential","sqrt(class area)"
"Mean_Pop_Density",1,125.130462403366,1.72822346360045,0.1615,"sequential","sqrt(class area)"
"Residual",57,4127.03363147999,NA,NA,"sequential","sqrt(class area)"
"Mean_ENN_Forest_m",1,0.0143774936962246,91.141859054219,1e-04,"marginal","Hellinger"
"PD_Forest",1,0.0094440127756019,59.8675192969254,1e-04,"marginal","Hellinger"
"PD_Agropecuaria",1,0.00274792803554387,17.4196751532878,1e-04,"marginal","Hellinger"
"Mean_AREA_Forest_ha",1,0.00172585058037157,10.9405181228612,6e-04,"marginal","Hellinger"
"Mean_FRAC_Forest",1,0.00108095710297785,6.85240710271597,0.0087,"marginal","Hellinger"
"PROX_MN_Agropecuaria",1,0.000884653003377886,5.60799545799356,0.0135,"marginal","Hellinger"
"Mean_Elevation_m",1,0.000484156567116189,3.0691670281772,0.0756,"marginal","Hellinger"
"Mean_Pop_Density",1,0.000245973270971164,1.55927463211797,0.2201,"marginal","Hellinger"
"PROX_MN_Forest",1,0.000105881106756548,0.671201887644999,0.4414,"marginal","Hellinger"
"Residual",57,0.00899166584036085,NA,NA,"marginal","Hellinger"
"PD_Forest",1,0.0636729202558881,403.635602014317,1e-04,"sequential","Hellinger"
"Mean_FRAC_Forest",1,0.00313776960562716,19.8909602176197,1e-04,"sequential","Hellinger"
"Mean_ENN_Forest_m",1,0.0281193508042756,178.254288393283,1e-04,"sequential","Hellinger"
"PROX_MN_Forest",1,4.18084944578401e-05,0.265032556414624,0.6851,"sequential","Hellinger"
"Mean_AREA_Forest_ha",1,0.000916962695678772,5.81281317407058,0.0117,"sequential","Hellinger"
"PD_Agropecuaria",1,0.00294181542474778,18.6487667788924,1e-04,"sequential","Hellinger"
"PROX_MN_Agropecuaria",1,0.000839557320873138,5.32212474744817,0.0157,"sequential","Hellinger"
"Mean_Elevation_m",1,0.000427371214581515,2.7091931199001,0.0962,"sequential","Hellinger"
"Mean_Pop_Density",1,0.000245973270971145,1.55927463211784,0.2201,"sequential","Hellinger"
"Residual",57,0.00899166584036085,NA,NA,"sequential","Hellinger"
