SPECIES,UA_ID,area_planar_ha,area_geodesic_ha,source_shapefile
A_guariba,1,126107.30922794521,126107.44756696136,A_guariba_utm.shp
A_guariba,2,16765.208122452746,16764.72058602439,A_guariba_utm.shp
A_guariba,3,43638.605318579,43637.753874787224,A_guariba_utm.shp
A_guariba,4,31799.779680099346,31799.635205318362,A_guariba_utm.shp
A_guariba,5,47390.75988244137,47390.87410656598,A_guariba_utm.shp
A_guariba,6,49021.85132002797,49020.927568247345,A_guariba_utm.shp
A_guariba,7,3619.3601228192056,3619.1885578496976,A_guariba_utm.shp
A_guariba,8,95431.19608556257,95431.66215223909,A_guariba_utm.shp
A_guariba,9,34043.24998900567,34043.22341969202,A_guariba_utm.shp
A_guariba,10,46402.94621253891,46403.14639837592,A_guariba_utm.shp
A_guariba,11,57144.836237223746,57144.350382352255,A_guariba_utm.shp
A_guariba,12,386509.4393087262,386509.89761755965,A_guariba_utm.shp
B_arachnoides,1,24683.426354113624,24683.462820582055,B_arachnoides_utm.shp
B_arachnoides,2,13528.675600799159,13528.635959273159,B_arachnoides_utm.shp
B_arachnoides,3,9113.527230696252,9113.482465520654,B_arachnoides_utm.shp
B_arachnoides,4,39305.384693505795,39305.37009575613,B_arachnoides_utm.shp
B_arachnoides,5,11341.251037675414,11341.262307100413,B_arachnoides_utm.shp
B_arachnoides,6,18008.525305462827,18008.5689529954,B_arachnoides_utm.shp
B_arachnoides,7,15831.668873747263,15831.655779488661,B_arachnoides_utm.shp
B_arachnoides,8,10953.667643483237,10953.666843978806,B_arachnoides_utm.shp
B_arachnoides,9,41689.08315393645,41689.111614548856,B_arachnoides_utm.shp
B_crinitus,1,73972.62093075419,73972.67782948444,B_torquatus_utm.shp
B_crinitus,2,85688.1024700263,85688.14176916407,B_torquatus_utm.shp
B_crinitus,3,23079.510658429397,23079.52279749744,B_torquatus_utm.shp
B_crinitus,4,46319.01336603999,46318.99331948629,B_torquatus_utm.shp
B_crinitus,5,72805.22379336035,72805.23707880416,B_torquatus_utm.shp
B_hypoxanthus,1,4155.686630798242,4155.682312949653,B_hypoxantus_utm.shp
B_hypoxanthus,2,9432.541343914672,9432.512349618675,B_hypoxantus_utm.shp
L_wiedii,1,95423.96350381481,95423.3839618235,L_wiedii_utm.shp
L_wiedii,2,63627.666948893835,63627.978645087525,L_wiedii_utm.shp
L_wiedii,3,39717.37033907918,39716.7488619455,L_wiedii_utm.shp
L_wiedii,4,170003.54605889594,170004.8443756558,L_wiedii_utm.shp
L_wiedii,5,7075.946761095889,7077.02865426085,L_wiedii_utm.shp
L_wiedii,6,104265.5051242362,104265.22059337195,L_wiedii_utm.shp
M_tridactyla,1,38179.759488203075,38180.473960232994,M_tridactyla_utm.shp
M_tridactyla,2,45007.676958372365,45007.714748959515,M_tridactyla_utm.shp
M_tridactyla,3,33622.12684354283,33621.23713859502,M_tridactyla_utm.shp
M_tridactyla,4,14174.422624988469,14173.265214111867,M_tridactyla_utm.shp
Mazama,1,50776.529087345014,50775.987124392865,Mazama_utm.shp
Mazama,2,1906.7275486562419,1906.2255164916162,Mazama_utm.shp
Mazama,3,12273.040072600807,12271.68696690002,Mazama_utm.shp
Mazama,4,34897.76521175723,34899.195431567656,Mazama_utm.shp
Mazama,5,6126.427868078906,6125.942260660586,Mazama_utm.shp
Mazama,6,6867.409643236208,6867.076998998801,Mazama_utm.shp
Mazama,7,35737.007090713836,35737.77866814754,Mazama_utm.shp
Mazama,8,36395.52637786466,36395.059297386746,Mazama_utm.shp
Mazama,9,44490.64967517138,44490.851352319754,Mazama_utm.shp
Mazama,10,61529.68870804789,61529.65852878691,Mazama_utm.shp
P_concolor,1,31889.49469494517,31889.300825070954,P_concolor_utm.shp
P_concolor,2,149450.33482058888,149450.3578811718,P_concolor_utm.shp
P_concolor,3,31695.475432703064,31695.65181461777,P_concolor_utm.shp
P_concolor,4,32094.264695836984,32093.907968259657,P_concolor_utm.shp
P_concolor,5,71332.27247893563,71332.3784059932,P_concolor_utm.shp
P_concolor,6,60196.285211549126,60196.077683407864,P_concolor_utm.shp
P_concolor,7,51142.85086490723,51143.02599700958,P_concolor_utm.shp
P_concolor,8,29602.19054913886,29601.090409707325,P_concolor_utm.shp
P_concolor,9,52010.954166927666,52011.446510473244,P_concolor_utm.shp
P_concolor,10,31352.71388452534,31352.768006349546,P_concolor_utm.shp
P_concolor,11,74912.62783860845,74913.28001440366,P_concolor_utm.shp
P_concolor,12,28655.288444022106,28654.371166780154,P_concolor_utm.shp
T_pecari,1,18979.473627723073,18979.16811110336,T_pecari_utm.shp
T_pecari,2,26849.12306125873,26848.88182425922,T_pecari_utm.shp
T_pecari,3,26550.191777372194,26550.145604669156,T_pecari_utm.shp
T_pecari,4,34910.42612208301,34910.4166538321,T_pecari_utm.shp
T_pecari,5,23013.14286809628,23013.539209134917,T_pecari_utm.shp
T_pecari,6,50357.23219512698,50357.260280235714,T_pecari_utm.shp
T_pecari,7,26938.967934722452,26938.764046189226,T_pecari_utm.shp
