LOCOMOTION,DIET,ORDER,GENUS,SPECIES,UA_ID,UA_Area_ha,Mean_Elevation_m,Mean_Pop_Density
Ar,Fr/Fo,Primatas,Alouatta,A_guariba,1,126805,505.81,261.96
Ar,Fr/Fo,Primatas,Alouatta,A_guariba,2,16834,490.1,132.26
Ar,Fr/Fo,Primatas,Alouatta,A_guariba,3,43767,435.91,92.13
Ar,Fr/Fo,Primatas,Alouatta,A_guariba,4,31824,16.47,119.91
Ar,Fr/Fo,Primatas,Alouatta,A_guariba,5,47761,521,48.95
Ar,Fr/Fo,Primatas,Alouatta,A_guariba,6,49372,689.97,91.78
Ar,Fr/Fo,Primatas,Alouatta,A_guariba,7,3624,642.25,56.25
Ar,Fr/Fo,Primatas,Alouatta,A_guariba,8,95561,440.53,50
Ar,Fr/Fo,Primatas,Alouatta,A_guariba,9,34057,29.94,40.3
Ar,Fr/Fo,Primatas,Alouatta,A_guariba,10,46748,989.7,123.07
Ar,Fr/Fo,Primatas,Alouatta,A_guariba,11,57243,312.98,61.41
Ar,Fr/Fo,Primatas,Alouatta,A_guariba,12,387619,448.89,424.4
Ar,Fr/Fo,Primatas,Brachyteles,B_arachnoides,1,24900,291.06,48.95
Ar,Fr/Fo,Primatas,Brachyteles,B_arachnoides,2,13630,817.42,127.4
Ar,Fr/Fo,Primatas,Brachyteles,B_arachnoides,3,9200,781.18,113.2
Ar,Fr/Fo,Primatas,Brachyteles,B_arachnoides,4,39439,883.37,270.73
Ar,Fr/Fo,Primatas,Brachyteles,B_arachnoides,5,11400,728.41,158.74
Ar,Fr/Fo,Primatas,Brachyteles,B_arachnoides,6,18100,476.93,1110.43
Ar,Fr/Fo,Primatas,Brachyteles,B_arachnoides,7,15949,1001.72,123.07
Ar,Fr/Fo,Primatas,Brachyteles,B_arachnoides,8,11024,518.17,219.2
Ar,Fr/Fo,Primatas,Brachyteles,B_arachnoides,9,41745,710.18,56.73
Ar,Fo,Pilosa,Bradypus,B_crinitus,1,74100,302.37,65.12
Ar,Fo,Pilosa,Bradypus,B_crinitus,2,85798,1189.43,123.07
Ar,Fo,Pilosa,Bradypus,B_crinitus,3,23200,161.9,329.43
Ar,Fo,Pilosa,Bradypus,B_crinitus,4,46443,422.3,50
Ar,Fo,Pilosa,Bradypus,B_crinitus,5,73000,702.01,192.47
Ar,Fr/Fo,Primatas,Brachyteles,B_hypoxantus,1,4200,754.87,107.15
Ar,Fr/Fo,Primatas,Brachyteles,B_hypoxantus,2,9500,67.36,215.72
Sc,Ca,Carnivora,Leopardus,L_wiedii,1,96149,658.05,127.4
Sc,Ca,Carnivora,Leopardus,L_wiedii,2,64100,660.18,123.07
Sc,Ca,Carnivora,Leopardus,L_wiedii,3,39733,4.3,80.35
Sc,Ca,Carnivora,Leopardus,L_wiedii,4,170600,608.58,410.27
Sc,Ca,Carnivora,Leopardus,L_wiedii,5,7121,200.82,158.99
Sc,Ca,Carnivora,Leopardus,L_wiedii,6,104409,441.67,48.52
Te,Myr,Pilosa,Myrmecophaga,M_tridactyla,1,38500,536.73,51.91
Te,Myr,Pilosa,Myrmecophaga,M_tridactyla,2,45241,352.14,41.04
Te,Myr,Pilosa,Myrmecophaga,M_tridactyla,3,33800,483.58,32.79
Te,Myr,Pilosa,Myrmecophaga,M_tridactyla,4,14219,494.16,449.83
Te,Hb/Fr,Artiodactyla,Mazama,Mazama,1,51000,445.24,550.28
Te,Hb/Fr,Artiodactyla,Mazama,Mazama,2,1910,478.04,123.07
Te,Hb/Fr,Artiodactyla,Mazama,Mazama,3,12310,746.38,123.07
Te,Hb/Fr,Artiodactyla,Mazama,Mazama,4,35100,715.35,127.4
Te,Hb/Fr,Artiodactyla,Mazama,Mazama,5,6200,509.1,48.95
Te,Hb/Fr,Artiodactyla,Mazama,Mazama,6,6910,148.74,211.4
Te,Hb/Fr,Artiodactyla,Mazama,Mazama,7,36000,830.35,123.07
Te,Hb/Fr,Artiodactyla,Mazama,Mazama,8,36700,489.1,116.97
Te,Hb/Fr,Artiodactyla,Mazama,Mazama,9,44330,544.54,51.91
Te,Hb/Fr,Artiodactyla,Mazama,Mazama,10,61700,509.77,32.79
Te,Ca,Carnivora,Puma,P_concolor,1,32100,598.42,114.55
Te,Ca,Carnivora,Puma,P_concolor,2,150000,651.45,422.3
Te,Ca,Carnivora,Puma,P_concolor,3,31800,361.54,95.15
Te,Ca,Carnivora,Puma,P_concolor,4,32236,598.09,697.78
Te,Ca,Carnivora,Puma,P_concolor,5,71446,147.38,329.43
Te,Ca,Carnivora,Puma,P_concolor,6,60300,501.84,58.14
Te,Ca,Carnivora,Puma,P_concolor,7,51538,506.16,48.95
Te,Ca,Carnivora,Puma,P_concolor,8,29822,831.01,127.4
Te,Ca,Carnivora,Puma,P_concolor,9,52339,505.17,112.84
Te,Ca,Carnivora,Puma,P_concolor,10,31539,565.12,129.04
Te,Ca,Carnivora,Puma,P_concolor,11,755500,789.71,201
Te,Ca,Carnivora,Puma,P_concolor,12,28800,556.26,46.18
Te,Fr/On,Artiodactyla,Tayassu,T_pecari,1,19122,851.73,127.4
Te,Fr/On,Artiodactyla,Tayassu,T_pecari,2,27000,556.25,51.91
Te,Fr/On,Artiodactyla,Tayassu,T_pecari,3,26600,752.31,56.73
Te,Fr/On,Artiodactyla,Tayassu,T_pecari,4,35170,860.41,123.07
Te,Fr/On,Artiodactyla,Tayassu,T_pecari,5,23196,715.94,48.95
Te,Fr/On,Artiodactyla,Tayassu,T_pecari,6,50600,450.87,920.82
Te,Fr/On,Artiodactyla,Tayassu,T_pecari,7,27100,478.23,109.95
