ORDER,GENUS,SPECIES,DIET,LOCOMOTION,UA_ID,UA_Area_ha,Mean_Elevation_m,Mean_Pop_Density,Species_Code,CA_Forest,CA_Herbaceous,CA_Agropecuaria,CA_Water,CA_Non_Vegetated,ED_Forest,ED_Herbaceous,ED_Agropecuaria,ED_Water,ED_Non_Vegetated,LPI_Forest,LPI_Herbaceous,LPI_Agropecuaria,LPI_Water,LPI_Non_Vegetated,NP_Forest,NP_Herbaceous,NP_Agropecuaria,NP_Water,NP_Non_Vegetated,PD_Forest,PD_Herbaceous,PD_Agropecuaria,PD_Water,PD_Non_Vegetated,PLAND_Forest,PLAND_Herbaceous,PLAND_Agropecuaria,PLAND_Water,PLAND_Non_Vegetated,PROX_MN_Agropecuaria,PROX_MN_Forest,PROX_MN_Herbaceous,PROX_MN_Non_Vegetated,PROX_MN_Water,Mean_FRAC_Forest,Mean_ENN_Forest_m,Mean_AREA_Forest_ha
Primatas,Alouatta,A_guariba,Fr/Fo,Ar,1,126805,505.81,261.96,A_guariba,38242.69947,29.09276856,84419.35421,946.0764176,2470.231251,48.38952243,0.108942614,53.00666245,2.239404114,4.511491013,5.127005456,0.004937752,39.62934482,0.094141074,0.085641665,3149,14.0,720,219.0,806.0,2.497076816,0.011101644,0.570941666,0.173661424,0.639137477,30.32548689,0.023069825,66.94239829,0.750214509,1.958830481,41221.32888,603.9898326,3.199342857,6.743122208,11.47909635,1.087328834550651,124.42256691013156,12.144438678945491
Primatas,Alouatta,A_guariba,Fr/Fo,Ar,2,16834,490.1,132.26,A_guariba,4339.416111,13.47454544,12064.82216,110.9608401,156.5905508,44.87857184,0.291058707,48.9457343,2.246130681,2.284427879,10.45499318,0.065462243,71.27798205,0.072803803,0.237377105,367,4.0,58,62.0,33.0,2.199545631,0.023973249,0.347612116,0.371585366,0.197779307,26.00747616,0.08075716,72.30824763,0.665022973,0.938496081,13233.10031,275.3530305,0.025675,16.25122121,4.746417742,1.0893574931880117,126.13069509536781,11.824062397820182
Primatas,Alouatta,A_guariba,Fr/Fo,Ar,3,43767,435.91,92.13,A_guariba,12306.34318,68.80184565,30576.19352,352.4818591,213.6532091,44.15324465,0.693072099,47.24123326,2.17833148,1.242977821,1.748970228,0.018062058,69.32006906,0.123619543,0.044803288,858,36.0,157,159.0,93.0,1.971621808,0.082725391,0.36077462,0.365370475,0.213707259,28.27908461,0.158101654,70.26187639,0.809977763,0.490959588,29773.80397,171.8351619,1.365241667,2.829496774,7.129228931,1.0888616550116552,132.28779487179423,14.343111538461534
Primatas,Alouatta,A_guariba,Fr/Fo,Ar,4,31824,16.47,119.91,A_guariba,1434.01829,859.0022717,28350.34152,420.8753852,736.5064041,11.7257569,10.38650286,25.21876651,3.933368029,3.543547647,1.498420688,0.242353817,88.90629414,0.252946766,0.615032999,328,328.0,44,138.0,68.0,1.031422414,1.031422414,0.138361543,0.433952113,0.213831476,4.509385994,2.701201818,89.14993195,1.323476541,2.316003698,7127.978483,21.50494634,11.44397439,14.77501176,5.741307971,1.0843128048780493,220.8853679878047,4.372025609756095
Primatas,Alouatta,A_guariba,Fr/Fo,Ar,5,47761,521.0,48.95,A_guariba,41174.33182,9.79966941,5618.272969,59.4104958,332.4742007,28.82274261,0.101548124,29.66491506,0.524665309,1.555040277,86.73687671,0.006272617,1.91185027,0.024874169,0.097333705,116,9.0,796,163.0,66.0,0.245792451,0.019070104,1.686644749,0.345380771,0.139847429,87.24430976,0.020764524,11.90456106,0.125884926,0.70447973,108.108268,55138.5863,0.281122222,5.85740303,0.465454601,1.0614310344827584,91.30861637931027,354.95239741379254
Primatas,Alouatta,A_guariba,Fr/Fo,Ar,6,49372,689.97,91.78,A_guariba,44675.7,11.1267,3713.78,41.7508,308.895,,,,,,,,,,,92,13,,58,36,0.1887,0.0267,,0.119,0.0738,91.6401,0.0228,7.6179,0.0856,0.6336,,31541.2,0.212185,23.3616,0.837586,1.08038,97.6616,485.606
Primatas,Alouatta,A_guariba,Fr/Fo,Ar,7,3624,642.25,56.25,A_guariba,530.3050269,,2958.887682,27.96988977,3.36863636,27.0989022,,28.69615832,3.412319901,0.272259567,2.774878219,,83.70157736,0.162375319,0.095685456,72,,13,74.0,1.0,2.045145894,,0.369262453,2.101955502,0.028404804,15.06321039,,84.04662491,0.794479239,0.095685456,2395.321763,20.02095,,0.0,0.961268919,1.0713166666666665,187.66964999999993,7.365375000000002
Primatas,Alouatta,A_guariba,Fr/Fo,Ar,8,95561,440.53,50.0,A_guariba,46450.9434,1796.197739,47013.09735,9.69758952,155.2635122,43.97649008,5.156845714,47.13113236,0.062275893,0.425217118,27.63869411,0.160246639,32.59221937,0.001497632,0.027064352,1250,373.0,899,16.0,51.0,1.309926524,0.390882075,0.942099156,0.01676706,0.053445002,48.67785826,1.882309648,49.26696256,0.010162504,0.162707034,16447.69013,6739.785227,13.6690555,5.194384314,0.05830625,1.084259439999998,120.10932327999932,37.16088719999985
Primatas,Alouatta,A_guariba,Fr/Fo,Ar,9,34057,29.94,40.3,A_guariba,1885.823882,1065.918208,30411.74282,292.6630437,388.1077406,5.884286274,9.723618833,18.04139064,2.488856012,2.645582617,3.355561819,0.39399591,88.92883486,0.156219079,0.194299353,198,345.0,40,66.0,72.0,0.581595914,1.01338682,0.117494124,0.193865305,0.211489423,5.539330627,3.130978153,89.33002705,0.859654699,1.140009475,2071.811885,20.24685,9.948335362,9.634070833,1.377078788,1.073278787878788,357.4702676767676,9.524395959595955
Primatas,Alouatta,A_guariba,Fr/Fo,Ar,10,46748,989.7,123.07,A_guariba,25714.33253,2345.081306,16613.91037,568.2787459,1100.319131,34.35269339,5.176999913,36.81261291,2.416484844,3.234849327,50.56027067,4.452868758,21.6795124,0.282393161,0.613026651,564,87.0,483,66.0,116.0,1.217040586,0.187734984,1.042252842,0.142419643,0.250313312,55.48827364,5.060388522,35.8507149,1.226273578,2.374349361,2583.34,9939.82,873.943,24.5071,10.7923,1.08310425531915,125.83308510638298,45.59295035460962
Primatas,Alouatta,A_guariba,Fr/Fo,Ar,11,57243,312.98,61.41,A_guariba,11935.79318,13.16830577,44595.64141,348.2965836,209.6720934,30.80372998,0.123653582,33.81729647,2.855782283,0.83871819,1.456584035,0.003575317,47.13572439,0.053272219,0.111013584,942,11.0,147,143.0,62.0,1.649663008,0.019263581,0.257431489,0.25042655,0.108576546,20.90237419,0.023060793,78.09743096,0.609949034,0.367185028,20847.7,100.055,0.319855,6.14908,4.97296,1.0807121019108277,169.3214255838635,12.670738004246294
Primatas,Alouatta,A_guariba,Fr/Fo,Ar,12,387619,448.89,424.4,A_guariba,222848.0552,3965.803714,152896.9941,1479.341761,5318.974732,35.60098169,3.037280538,40.37294181,0.944918864,3.063815308,30.80621392,0.073474648,21.66968629,0.119244442,0.053481726,4305,929.0,4448,345.0,1531.0,1.113815749,0.240356523,1.150813577,0.089260496,0.396109619,57.65660242,1.026056825,39.55843902,0.382744286,1.37615745,12664,36007.5,17.1711,10.1489,5.02446,1.0802999303135943,124.51001842044343,51.765122044133086
Primatas,Brachyteles,B_arachnoides,Fr/Fo,Ar,1,24900,291.06,48.95,B_arachnoides,22388.5,24.3972,2070.6,43.0779,86.1557,,,,,,,,,,,39,9,,113,27,0.1585,0.0366,,0.4591,0.1097,90.9631,0.0991,8.4127,0.175,0.35,,20940.8,0.550022,2.16937,0.714657,1.06104,116.954,574.065
Primatas,Brachyteles,B_arachnoides,Fr/Fo,Ar,2,13630,817.42,127.4,B_arachnoides,13272.93766,2.245757573,202.7306609,2.654077132,,5.391918271,0.097173033,5.29000509,0.123243846,,98.4385767,0.009844085,0.172650103,0.014387509,,5,2.0,81,2.0,,0.037090425,0.01483617,0.600864883,0.01483617,,98.45977934,0.01665922,1.503873269,0.01968817,,5.131298765,22389.36334,0.00015,,0.04435,1.05778,70.28999999999999,2654.59692
Primatas,Brachyteles,B_arachnoides,Fr/Fo,Ar,3,9200,781.18,113.2,B_arachnoides,6931.02035,2.449917352,2090.494061,0.816639117,56.96057845,34.28683242,0.168865992,35.34224487,0.049252581,1.336855768,73.13048658,0.016860184,10.04080165,0.008992098,0.359683928,78,4.0,88,1.0,7.0,0.858866106,0.044044416,0.968977146,0.011011104,0.077077727,76.31818539,0.026976295,23.01864736,0.008992098,0.627198849,392.6319807,5971.877153,0.372175,13.46731429,0.0,1.0728051282051279,98.67102820512815,88.8595461538462
Primatas,Brachyteles,B_arachnoides,Fr/Fo,Ar,4,39439,883.37,270.73,B_arachnoides,29741.48626,986.2958942,7633.738311,19.49725893,924.0271614,41.91733522,6.85575669,48.1073503,0.149568322,5.931522003,71.18574078,0.131673947,2.204954265,0.02155609,0.255037113,314,219.0,989,10.0,339.0,0.798879637,0.557180384,2.516216437,0.025442027,0.862484704,75.66836865,2.509336644,19.42177736,0.049604978,2.350912368,117.6051524,23671.19866,9.596441096,8.175273746,0.4498,1.0762133757961783,101.9413990445861,94.71844681528633
Primatas,Brachyteles,B_arachnoides,Fr/Fo,Ar,5,11400,728.41,158.74,B_arachnoides,9520.889231,,1750.976348,4.389435257,64.61657017,20.81939484,,22.26182111,0.225379105,1.419888362,80.08515005,,10.77697168,0.010801275,0.35644206,72,,61,6.0,14.0,0.634871839,,0.53787753,0.052905987,0.123447302,83.95200634,,15.43952186,0.038704567,0.569767233,487.1779557,7109.9357,,1.339992857,0.18735,1.0840416666666668,99.36822222222219,132.23504305555542
Primatas,Brachyteles,B_arachnoides,Fr/Fo,Ar,6,18100,476.93,1110.43,B_arachnoides,15072.70819,244.9917352,2657.956168,25.51997242,3.879035808,24.82168528,3.444301625,26.08335373,0.358448701,0.099371917,82.18865871,0.212039777,9.686362554,0.085042691,0.012472928,81,45.0,217,5.0,4.0,0.449873658,0.24992981,1.205217084,0.027769979,0.022215983,83.71375764,1.360683063,14.76227733,0.141737819,0.021544148,416.6812638,15067.9365,11.68102889,0.002925,0.94028,1.0674234567901235,104.35130617283946,186.08347901234566
Primatas,Brachyteles,B_arachnoides,Fr/Fo,Ar,7,15949,1001.72,123.07,B_arachnoides,12855.12467,48.69210738,2868.4449,6.124793381,51.65242418,25.0351312,1.21905992,25.55383716,0.151373334,1.073741519,78.78832823,0.045784298,10.90891504,0.027083669,0.074157666,85,33.0,171,5.0,23.0,0.536953829,0.208464428,1.080224762,0.031585519,0.145293389,81.20715783,0.3075931,18.12026439,0.038690956,0.326293729,471.6114247,10225.73117,1.360366667,5.5076,0.05468,1.0780282352941173,110.95770588235291,151.23729294117632
Primatas,Brachyteles,B_arachnoides,Fr/Fo,Ar,8,11024,518.17,219.2,B_arachnoides,2231.772628,26.7449311,8632.590031,24.49917352,37.46331952,42.53547857,1.411820849,44.84573086,0.653404691,1.102620415,3.356974436,0.057782458,77.9084614,0.10158529,0.066170235,328,25.0,18,7.0,33.0,2.994594187,0.228246508,0.164337486,0.063909022,0.301285391,20.37577237,0.244177485,78.81434123,0.223674032,0.342034875,11336.95266,64.48606524,0.870984,1.943606061,0.2595,1.0845067073170733,139.20047317073167,6.804207012195126
Primatas,Brachyteles,B_arachnoides,Fr/Fo,Ar,9,41745,710.18,56.73,B_arachnoides,28714.05217,1361.745728,11611.07705,0.408319559,,38.54553207,8.294957421,42.60065724,0.007664194,,66.54284378,0.366816119,6.294398096,0.000979,,327,237.0,602,1.0,,0.784411874,0.568518698,1.444085469,0.002398813,,68.87964366,3.266573453,27.8528034,0.000979,,728.6351264,22001.46853,17.75243544,,0.0,1.0775691131498484,105.26650275229375,87.8108709480119
Pilosa,Bradypus,B_crinitus,Fo,Ar,1,74100,302.37,65.12,B_crinitus,26400.00315,1193.51807,45750.87952,187.5207574,442.9246414,34.03610062,5.042897162,41.05322551,1.357470519,1.656779163,13.84742975,0.3838957,57.9180213,0.054231132,0.09852679,933,328.0,387,111.0,113.0,1.261239528,0.44339396,0.523150801,0.150051005,0.152754627,35.68781083,1.613410683,61.84653556,0.253492595,0.598750338,37874.77715,2592.636969,24.13086067,5.161570796,2.376140541,1.0813534833869247,145.21320760986012,28.295925723472468
Pilosa,Bradypus,B_crinitus,Fo,Ar,2,85798,1189.43,123.07,B_crinitus,46209.52446,1501.799337,37893.68833,22.15133606,64.20825061,41.85826762,5.29259178,45.15350722,0.156223738,0.219235221,37.79063534,0.097682541,15.34056661,0.002501626,0.022276384,1053,397.0,843,29.0,23.0,1.228828503,0.463290518,0.983762989,0.03384238,0.026840509,53.92552778,1.75256774,44.22112468,0.025850136,0.074929657,4673.101768,10378.25428,11.09413829,3.145608696,0.273503448,1.0839382716049373,113.40064453941072,43.88384453941107
Pilosa,Bradypus,B_crinitus,Fo,Ar,3,23200,161.9,329.43,B_crinitus,18501.36753,134.5412946,3854.128315,14.18910467,575.3222583,35.27021611,1.654286375,39.21143227,0.163352127,6.235067642,73.01906737,0.122515956,2.923133401,0.036710557,0.076517185,166,39.0,553,7.0,256.0,0.719251505,0.168980775,2.396060738,0.030329883,1.109207141,80.16347255,0.582945956,16.69932285,0.061479126,2.49277952,79.57124938,9711.195153,2.510541026,5.567501953,0.0297,1.077382530120482,107.73394578313248,111.45441626505992
Pilosa,Bradypus,B_crinitus,Fo,Ar,4,46443,422.3,50.0,B_crinitus,30947.96848,215.3885672,14631.21267,10.20798897,515.2992831,47.71997572,1.276754044,50.68251414,0.107603258,2.974264419,46.24176057,0.085066433,16.96943118,0.004848346,0.136635204,610,72.0,638,11.0,154.0,1.316923545,0.155440156,1.377372495,0.023747802,0.332469223,66.8132924,0.465000452,31.5871942,0.022037936,1.112475014,2469.416409,6083.232479,5.594523611,7.701401948,0.440081818,1.086382786885246,96.60860983606568,50.73455524590154
Pilosa,Bradypus,B_crinitus,Fo,Ar,5,73000,702.01,192.47,B_crinitus,24182.52171,253.3622862,46847.83001,1096.848415,425.3669003,34.80504887,1.712342403,39.16708974,1.888316084,1.378387362,6.978723404,0.056784325,62.35255354,0.633040064,0.118756353,1049,129.0,317,88.0,111.0,1.440816716,0.177183371,0.435404098,0.120869276,0.15246011,33.21504434,0.347996775,64.34617407,1.506537208,0.584247608,30882.87382,1055.873644,5.639765116,12.59547748,17.64348068,1.0800245948522398,144.39478732125787,23.053009532888243
Primatas,Brachyteles,B_hypoxantus,Fr/Fo,Ar,1,4200,754.87,107.15,B_hypoxantus,1077.861555,,3072.60468,5.001914595,,29.13229797,,29.83965385,0.707355876,,11.16979463,,73.50152304,0.054043431,,63,,15,5.0,,1.516074669,,0.360970159,0.120323386,,25.93839049,,73.94124005,0.120369461,,4191.789047,129.2624159,,,0.7249,1.0705968253968254,160.60406825396828,17.1089746031746
Primatas,Brachyteles,B_hypoxantus,Fr/Fo,Ar,2,9500,67.36,215.72,B_hypoxantus,8883.09408,43.5881129,501.2122584,,3.674876029,13.43503631,1.768302812,12.6016982,,0.149052344,92.64021473,0.076844817,2.442799316,,0.020564106,11,28.0,95,,2.0,0.116629583,0.296875303,1.007255492,,0.021205379,94.18468732,0.462151222,5.314197892,,0.038963569,34.90880737,10221.84794,1.536282143,0.2951,,1.0821363636363637,110.20937272727271,807.5568454545457
Carnivora,Leopardus,L_wiedii,Ca,Sc,1,96149,658.05,127.4,L_wiedii,86488.30942,19.8034986,7861.988944,110.2462809,640.5513078,19.88018746,0.101438096,20.3749501,0.453784332,1.25689191,90.544285,0.003863374,0.948565615,0.015131548,0.060955455,175,15.0,1166,176.0,105.0,0.183976393,0.015769405,1.225808426,0.185027687,0.110385836,90.9246127,0.020819293,8.265259254,0.115901218,0.673407539,85.07686127,112620.4534,0.086446667,10.05748667,0.825981818,1.064420571428572,90.73277485714276,494.2206611428577
Carnivora,Leopardus,L_wiedii,Ca,Sc,2,64100,660.18,123.07,L_wiedii,26739.11254,45.11931124,34188.90289,1204.440618,1377.466031,38.38213525,0.389602552,43.66464314,3.518990789,3.098220033,33.85539053,0.01060069,16.89910553,0.226951129,0.446995748,1075,41.0,604,146.0,183.0,1.69144725,0.064511011,0.950357339,0.229722138,0.287939392,42.07237059,0.070992498,53.79416352,1.895114206,2.167359192,3700.1155,6518.120814,0.642002439,21.39364208,10.70319521,1.0830745116279066,127.01598046511569,24.873681395348484
Carnivora,Leopardus,L_wiedii,Ca,Sc,3,39733,4.3,80.35,L_wiedii,1677.478827,15434.47932,17180.55583,1017.83858,4352.788576,8.74808141,86.86619291,72.35291641,4.917775047,22.89806281,0.787286064,15.88675846,16.20743791,0.428773646,0.964354652,281,1103.0,1130,211.0,617.0,0.708466329,2.780919434,2.848992711,0.531980055,1.555600445,4.229314117,38.91391069,43.31617552,2.566207695,10.97439197,1028.320209,21.68998185,3777.28368,57.04805024,12.67565355,1.0843124555160144,274.7752359430599,5.969700711743768
Carnivora,Leopardus,L_wiedii,Ca,Sc,4,170600,608.58,410.27,L_wiedii,104468.5591,3017.277379,58019.96354,256.7309226,4228.251111,45.9498934,4.418540907,52.4719823,0.50615214,5.970264661,49.3994975,0.076083667,15.84077556,0.028523869,0.119139696,2098,569.0,2989,130.0,1423.0,1.234184568,0.334724032,1.758330636,0.076474735,0.837104214,61.4554259,1.774965291,34.13124102,0.151026379,2.487341407,3803.229521,41394.81216,11.16434833,8.207945046,1.835714615,1.0802204480457551,105.40616124880718,49.79453379409038
Carnivora,Leopardus,L_wiedii,Ca,Sc,5,7121,200.82,158.99,L_wiedii,5217.507322,4.899834705,1254.868084,5.410234153,558.9894759,45.70840521,0.317608533,46.15305715,0.403816564,12.29145024,45.41619553,0.060885448,2.165782378,0.023194457,1.184366936,69,2.0,261,29.0,94.0,0.979880504,0.028402333,3.706504515,0.411833835,1.334909672,74.09469137,0.06958337,17.82059088,0.076831637,7.938302746,28.84133664,2491.203328,0.36925,16.99001596,0.182675862,1.0751318840579713,96.63763623188397,75.61632173913053
Carnivora,Leopardus,L_wiedii,Ca,Sc,6,104409,441.67,48.52,L_wiedii,44774.79161,2072.017601,57185.46044,154.7531128,76.45783738,37.97583381,5.422974073,41.89911669,0.884063977,0.182941488,30.32961912,0.129920863,36.82664132,0.018014649,0.0188958,1435,412.0,864,103.0,16.0,1.376320828,0.39515274,0.828669823,0.098788185,0.015345737,42.94388731,1.987289882,54.8470664,0.14842504,0.073331369,15479.54259,7403.082312,12.29120898,4.2991375,4.121103883,1.0867179094076647,139.13519825783868,31.202057282229898
Pilosa,Myrmecophaga,M_tridactyla,Myr,Te,1,38500,536.73,51.91,M_tridactyla,20937.19785,78.80567484,15280.54285,811.1268035,1060.814214,30.19251207,0.923295373,35.79087966,3.843855261,3.739220699,48.69138933,0.018988628,27.49740578,0.364260727,0.744300737,473,62.0,350,84.0,112.0,1.239242192,0.162437666,0.916986823,0.220076838,0.293435783,54.85467013,0.206467901,40.03444698,2.125121688,2.779293302,3582.304339,5343.734789,1.455519355,28.28378482,12.38052738,1.0855418604651177,130.5404209302326,44.26484608879463
Pilosa,Myrmecophaga,M_tridactyla,Myr,Te,2,45241,352.14,41.04,M_tridactyla,16560.21634,,27456.53001,351.3589803,641.8783463,54.17224574,,58.1764603,2.461729496,3.96588313,20.11389589,,40.33120979,0.254916324,0.239947928,1098,,384,72.0,327.0,2.439458783,,0.853144055,0.15996451,0.726505484,36.79231804,,61.00097748,0.780624545,1.426079936,12325.17759,1984.494864,,5.779431498,22.77553611,1.0869657559198522,114.5347189435328,15.082218761384249
Pilosa,Myrmecophaga,M_tridactyla,Myr,Te,3,33800,483.58,32.79,M_tridactyla,9791.094699,2.245757573,23597.91018,124.1291459,41.34235532,47.58588236,0.039988937,48.79507163,1.331060316,0.418931716,4.245125179,0.003954613,68.09387643,0.090956104,0.034983117,706,2.0,125,62.0,18.0,2.103900366,0.005960058,0.372503606,0.184761789,0.053640519,29.17774465,0.006692422,70.32245308,0.369908435,0.123201411,16240.17041,216.8701316,0.00115,0.492344444,5.90845,1.0890379603399432,131.28311473087783,13.8684573654391
Pilosa,Myrmecophaga,M_tridactyla,Myr,Te,4,14219,494.16,449.83,M_tridactyla,3831.874899,51.34618451,10021.89733,102.9986087,89.52406326,44.64221961,1.561503163,49.27686978,2.65614181,1.364332227,3.898511267,0.055755083,70.0291085,0.260673116,0.13830157,297,26.0,51,86.0,18.0,2.106735433,0.184428018,0.36176265,0.610031136,0.127680935,27.18096507,0.36421827,71.08917917,0.730608817,0.635028674,10575.88823,142.9013845,1.600726923,5.748383333,2.159838372,1.0915430976430978,130.40947340067345,12.901986195286206
Artiodactyla,Mazama,Mazama,Hb/Fr,Te,1,51000,445.24,550.28,Mazama,13701.57111,5.614393933,36618.30219,225.5965562,117.5960329,46.59566955,0.056750934,48.43944434,1.669738588,0.722628558,3.052806112,0.002619051,70.76675739,0.107582556,0.055000071,1082,6.0,162,111.0,37.0,2.135441448,0.011841635,0.319724135,0.219070241,0.073023414,27.04149987,0.0110806,72.27009265,0.445238666,0.23208821,32058.60124,209.7607275,1.191616667,2.643297297,7.750991892,1.0895452865064705,132.76896682070148,12.663235027726413
Artiodactyla,Mazama,Mazama,Hb/Fr,Te,2,1910,478.04,123.07,Mazama,221.7175204,,1622.559847,58.3896969,4.695674926,32.59715051,,36.01432353,7.889649481,0.82079156,2.997056462,,75.9058068,1.450361252,0.133797164,69,,8,9.0,3.0,3.617560446,,0.419427298,0.47185571,0.157285237,11.62429756,,85.06823655,3.061279101,0.246186781,1431.843175,6.92043913,,2.165333333,5.578833333,1.0710884057971017,213.2196231884058,3.213302898550725
Artiodactyla,Mazama,Mazama,Hb/Fr,Te,3,12310,746.38,123.07,Mazama,3353.630616,42.15899444,8645.145858,86.35958667,80.43895307,44.72775504,1.504883508,49.19006179,2.669532484,1.340000619,4.502048666,0.064386654,69.98829334,0.205702818,0.159712351,266,19.0,44,79.0,16.0,2.178946558,0.15563904,0.36042725,0.647130745,0.131064455,27.47136048,0.345346601,70.81695794,0.707417008,0.65891797,9830.0066,162.2164068,1.326847368,6.37946875,2.177520253,1.0900766917293232,130.27950150375952,12.607684962406026
Artiodactyla,Mazama,Mazama,Hb/Fr,Te,4,35100,715.35,127.4,Mazama,10282.71145,0.918719007,24246.62788,84.72630844,284.8028922,55.6756337,0.010070244,57.59996581,0.725973058,2.079963164,7.230166693,0.002632449,68.42991983,0.179006514,0.143322209,1069,1.0,137,22.0,88.0,3.063055922,0.002865347,0.392552536,0.063037634,0.252150534,29.4635362,0.002632449,69.47500197,0.242770272,0.816059107,18020.12737,229.2460829,0.0,5.016856818,0.451554545,1.089810196445277,112.94127436856822,9.619036389148725
Artiodactyla,Mazama,Mazama,Hb/Fr,Te,5,6200,509.1,48.95,Mazama,1157.279709,,4558.275394,51.95866385,359.014972,35.84801798,,46.65874554,1.668805027,10.52911672,4.330439709,,67.60584501,0.809770565,0.821433927,153,,46,9.0,96.0,2.497335873,,0.750833008,0.14690211,1.566955842,18.88964793,,74.4022527,0.84809304,5.860006332,2453.730892,47.37287386,,7.226360417,12.43875556,1.0836124183006532,139.10657647058827,7.563950980392155
Artiodactyla,Mazama,Mazama,Hb/Fr,Te,6,6910,148.74,211.4,Mazama,742.0187181,,5143.907721,711.2926713,268.5721898,27.74880643,,43.63119387,17.02249437,4.08111743,1.446646545,,50.6608781,2.100834089,3.13861342,180,,46,51.0,34.0,2.621693438,,0.669988323,0.742813141,0.495208761,10.80747558,,74.92082844,10.35995183,3.911744153,1689.415796,13.14042111,,4.265420588,18.84573137,1.082845,140.76633333333348,4.12234
Artiodactyla,Mazama,Mazama,Hb/Fr,Te,7,36000,830.35,123.07,Mazama,20104.32803,31.95100547,14483.70723,256.9350823,852.8774783,38.02896312,0.472142883,42.07794603,1.55681962,3.552696353,49.9322892,0.018856173,30.05959694,0.251987041,0.795101966,437,26.0,421,55.0,100.0,1.223068739,0.072768392,1.17828819,0.153933136,0.27987843,56.26767766,0.089423972,40.53677239,0.719105875,2.387020096,3305.572171,8840.859665,0.926711538,26.437531,5.240943636,1.086134096109841,121.22634073226564,46.00549038901572
Artiodactyla,Mazama,Mazama,Hb/Fr,Te,8,36700,489.1,116.97,Mazama,34664.39102,7.043512388,1516.090522,21.13053717,78.49943517,11.45058124,0.085406104,11.54743353,0.224521201,0.498349018,95.42137629,0.010127209,0.498483732,0.0247554,0.054011781,31,5.0,337,17.0,21.0,0.085429679,0.01377898,0.928703283,0.046848534,0.057871718,95.52799329,0.019410484,4.178036334,0.058231452,0.216328437,25.97557596,48573.82151,0.0004,5.395838095,0.076411765,1.0641322580645165,85.42760322580642,1118.2101193548378
Artiodactyla,Mazama,Mazama,Hb/Fr,Te,9,44330,544.54,51.91,Mazama,39396.30431,13.98494489,4616.869251,41.03611565,306.9542283,26.34970511,0.152639219,27.1143412,0.425517822,1.564551991,88.42262658,0.006671114,2.033309563,0.008281383,0.103517287,83,11.0,724,117.0,64.0,0.187041626,0.024788649,1.631543823,0.263661087,0.144224868,88.78010628,0.031515263,10.4041775,0.092475443,0.691725518,87.70381547,50850.6046,0.569154545,6.035175,0.543426496,1.0619096385542168,96.4181168674698,474.655950602409
Artiodactyla,Mazama,Mazama,Hb/Fr,Te,10,61700,509.77,32.79,Mazama,27273.29661,259.1808399,33057.4494,699.553484,241.1126994,37.5513368,2.005354998,41.43898384,1.733266438,0.943482659,24.47853158,0.067189919,49.2216753,0.647345832,0.140518175,757,121.0,453,77.0,57.0,1.230282308,0.196650144,0.736219135,0.125141001,0.092636845,44.3247745,0.421222724,53.72522475,1.136919782,0.391858241,15687.6,5012.42,5.78443,13.416,7.06134,1.0765590488771475,133.8579873183616,36.02826221928645
Carnivora,Puma,P_concolor,Ca,Te,1,32100,598.42,114.55,P_concolor,11453.15946,0.918719007,19952.12692,308.0771071,176.1898896,49.18956128,0.022041027,51.37162296,3.261070145,1.529847653,13.54899218,0.002880857,41.77851329,0.372270788,0.075542481,726,1.0,146,62.0,66.0,2.276542027,0.003135733,0.457816992,0.194415435,0.206958366,35.91404802,0.002880857,62.56453921,0.966047496,0.552484419,9366.098911,764.9746853,0.0,2.484625758,28.17662742,1.0879210743801666,117.80462231404931,15.775759090909036
Carnivora,Puma,P_concolor,Ca,Te,2,150000,651.45,422.3,P_concolor,103559.1294,2712.773068,40280.11199,159.5508676,2736.557683,39.87710895,4.712702595,44.83930002,0.306569385,4.774486802,60.70520365,0.091118289,13.76999531,0.032444668,0.067075082,1549,461.0,2744,64.0,1047.0,1.036480064,0.308468244,1.836088634,0.042824225,0.700577551,69.29436603,1.815193804,26.95257136,0.106760034,1.831108768,2262.531063,51000.5688,16.77683536,6.598475263,0.47385625,1.07682601678502,105.49494680438917,66.85571155584324
Carnivora,Puma,P_concolor,Ca,Te,3,31800,361.54,95.15,P_concolor,25107.67175,129.1310605,6447.365833,5.308154264,3.16447658,29.52981231,1.336765367,30.94924341,0.070568307,0.07661702,64.92435638,0.213225797,10.37398259,0.010951174,0.0048314,129,28.0,364,4.0,3.0,0.407034551,0.088348585,1.1485316,0.012621226,0.00946592,79.22240224,0.407448087,20.34341593,0.016748854,0.009984894,694.2798339,18835.14269,15.07545714,2.0748,0.0013,1.0790891472868223,111.01784651162788,194.63380232558094
Carnivora,Puma,P_concolor,Ca,Te,4,32236,598.09,697.78,P_concolor,22846.90843,10.41214875,9074.289714,18.7826997,146.0763221,35.64950772,0.159269573,36.91968257,0.308584799,1.220403107,66.19861652,0.01462988,19.93098513,0.011767512,0.125944184,317,5.0,209,18.0,54.0,0.987647572,0.015578037,0.651161964,0.056080935,0.168242804,71.18199889,0.032440169,28.27192494,0.05851952,0.455116482,4243.2,13169.17808,0.55256,2.783198148,0.220316667,1.0807264984227125,99.38164037854904,72.07252397476316
Carnivora,Puma,P_concolor,Ca,Te,5,71446,147.38,329.43,P_concolor,25441.57507,1143.396844,44099.83938,195.6871485,447.4161565,33.95939779,5.036081849,41.14375399,1.447263226,1.760814529,10.08377865,0.398141814,58.66352008,0.067549582,0.111056092,914,315.0,363,109.0,110.0,1.281405751,0.441622332,0.508917164,0.152815347,0.154217322,35.66846894,1.603014543,61.82690133,0.274348619,0.62726656,37945.86034,1772.733738,24.38815587,5.778065455,2.443191743,1.0814039387308538,145.23382844638897,27.835521881837863
Carnivora,Puma,P_concolor,Ca,Te,6,60300,501.84,58.14,P_concolor,33389.51528,1401.658965,25390.33096,3.36863636,4.797754815,42.65677816,6.041274169,45.62459855,0.035034188,0.043527325,38.14508347,0.254056337,26.38963559,0.001526373,0.002543955,675,248.0,676,6.0,5.0,1.121454864,0.412030824,1.123116279,0.009968488,0.008307073,55.47382864,2.328736689,42.18386691,0.005596702,0.00797106,6277.958285,8135.34097,17.82325484,1.14948,0.002166667,1.0830174814814828,119.37592800000003,49.46612385185154
Carnivora,Puma,P_concolor,Ca,Te,7,51538,506.16,48.95,P_concolor,45013.4544,41.95483466,5478.0152,77.98903572,300.9315148,26.29426395,0.318794417,26.94942413,0.670848882,1.27831541,87.97834586,0.015037594,1.772230576,0.023057644,0.090225564,114,16.0,828,236.0,62.0,0.223914259,0.031426563,1.626324618,0.463541799,0.12177793,88.41363409,0.082406015,10.75969925,0.153182957,0.591077694,103.3990056,64829.35939,0.51358125,5.531467742,0.472822034,1.0605324561403509,88.07795175438588,394.85626666666616
Carnivora,Puma,P_concolor,Ca,Te,8,29822,831.01,127.4,P_concolor,28828.27957,2.245757573,645.859462,4.797754815,4.899834705,7.195922905,0.044425966,7.128742176,0.112690255,0.070431409,97.72652526,0.004500559,0.136401561,0.00657774,0.00657774,17,2.0,203,5.0,3.0,0.057654319,0.006782861,0.688460398,0.016957153,0.010174292,97.76910747,0.007616331,2.190387498,0.016271252,0.016617449,9.222983744,38096.8664,0.00015,0.928733333,0.06764,1.062229411764706,85.8860705882353,1695.7871470588234
Carnivora,Puma,P_concolor,Ca,Te,9,52339,505.17,112.84,P_concolor,42381.63068,88.80950403,8711.293626,37.97371896,626.6684428,26.54156719,0.846101039,28.38166748,0.422126156,2.280097483,78.61626304,0.036424493,3.789525497,0.008466234,0.192360701,261,52.0,637,67.0,114.0,0.503410306,0.100296306,1.228629751,0.129227933,0.219880364,81.74463477,0.171293562,16.8021264,0.073242764,1.2087025,399.8509176,33554.90715,2.055482692,11.30438596,0.450622388,1.0764314176245215,98.78783026819939,162.38230076628304
Carnivora,Puma,P_concolor,Ca,Te,10,31539,565.12,129.04,P_concolor,9875.004369,26.23453165,21309.27905,87.0741459,59.71673547,47.1587405,0.405521967,48.10020356,0.90478268,0.650057826,6.52670712,0.016927965,66.31953487,0.054039273,0.037436846,583,21.0,125,38.0,26.0,1.859215672,0.066970033,0.398631147,0.121183869,0.082915279,31.49187458,0.083663212,67.95633887,0.277683734,0.190439606,19179.3,257.536,0.809633,1.67435,1.73351,1.0849437392795884,123.13521560891932,16.938316981132072
Carnivora,Puma,P_concolor,Ca,Te,11,75451,789.71,201,P_concolor,31043.82149,2807.299046,37807.73706,1060.201734,2128.26362,35.36816647,3.397871041,39.74313887,2.787876353,4.106472288,31.37367486,3.363778823,18.72977252,0.192710812,0.379557106,1167,101.0,651,123.0,287.0,1.559174001,0.134941366,0.869770587,0.164334535,0.383447248,41.47619483,3.750700674,50.51314539,1.416485844,2.843473268,3851.73,4569.04,871.005,21.2898,9.97329,1.0850209940017133,140.28744438731707,26.60148517566376
Carnivora,Puma,P_concolor,Ca,Te,12,28800,556.26,46.18,P_concolor,8020.519013,0.918719007,20431.08576,72.06840212,61.75833326,47.82373847,0.0156473,49.08334616,0.960073649,0.681775234,4.983234478,0.003213838,69.4067612,0.034638033,0.097486422,642,1.0,84,52.0,21.0,2.245827099,0.003498173,0.293846536,0.181904999,0.073461634,28.05716347,0.003213838,71.47147362,0.252107742,0.216041337,14032.4,185.705,0.0,1.45601,3.19937,1.0891658878504666,129.2630029595013,12.49306682242995
Artiodactyla,Tayassu,T_pecari,Fr/On,Te,1,19122,851.73,127.4,T_pecari,18483.40147,2.245757573,424.6523411,2.654077132,,7.461706067,0.069261931,7.389065506,0.0878444,,97.68129709,0.007016559,0.186208683,0.010254971,,9,2.0,128,2.0,,0.047586433,0.010574763,0.676784824,0.010574763,,97.7287938,0.011874177,2.245298905,0.014033118,,10.46348516,24531.12656,0.00015,,0.04435,1.0559222222222222,72.90504444444444,2053.7185333333337
Artiodactyla,Tayassu,T_pecari,Fr/On,Te,2,27000,556.25,51.91,T_pecari,8109.634756,2.245757573,18593.44359,75.74327815,14.801584,49.50977744,0.050078526,50.57931168,1.065957205,0.263508437,5.316210728,0.0049524,67.25435145,0.037714429,0.013333384,557,2.0,86,48.0,9.0,2.078678623,0.007463837,0.320944994,0.17913209,0.033587267,30.26449625,0.008380984,69.38921672,0.282667743,0.055238306,12388.87156,235.1384465,0.00115,0.032622222,3.663133333,1.09094290843806,125.73182531418314,14.559542190305255
Artiodactyla,Tayassu,T_pecari,Fr/On,Te,3,26600,752.31,56.73,T_pecari,18060.8928,1014.469944,7472.962484,,,40.31723477,9.48208987,45.24060444,,,62.64217107,0.575989911,8.907080293,,,239,167.0,409,,,0.900245111,0.629041563,1.540586822,,,68.03025293,3.821220114,28.14852696,,,895.7223828,11900.74212,20.57089521,,,1.0782439330543938,102.74982635983268,75.56885815899552
Artiodactyla,Tayassu,T_pecari,Fr/On,Te,4,35170,860.41,123.07,T_pecari,21048.26077,23.27421485,12585.02128,394.232534,849.8150816,31.60975686,0.367097585,36.11562796,2.28039921,3.594077599,55.42140131,0.006434724,25.00914023,0.294242384,0.8139926,394,27.0,336,48.0,92.0,1.128920294,0.077362558,0.962734058,0.137533437,0.263605754,60.30915924,0.066687141,36.05960894,1.129586569,2.434958101,2878.527424,7510.134437,0.294955556,29.43941522,8.242872917,1.0857055837563458,123.86113832487324,53.42217030456823
Artiodactyla,Tayassu,T_pecari,Fr/On,Te,5,23196,715.94,48.95,T_pecari,20086.66821,7.962231396,2661.528964,4.695674926,209.161694,26.6184425,0.165522008,28.34320964,0.100147769,2.098930331,86.9420496,0.012887743,3.92809528,0.012443338,0.199982224,67,6.0,337,12.0,39.0,0.291684593,0.026121008,1.467129969,0.052242017,0.169786554,87.44733801,0.034663585,11.58697005,0.020442627,0.910585726,153.9680234,25933.33386,0.129816667,7.260802564,0.290733333,1.0676358208955226,93.12509999999997,299.8020805970144
Artiodactyla,Tayassu,T_pecari,Fr/On,Te,6,50600,450.87,920.82,T_pecari,33245.27639,15.31198345,16406.89235,112.3899585,577.6700957,39.05049867,0.157346564,42.25326261,0.824800537,2.92867637,57.64065556,0.009324671,15.29246019,0.033244479,0.121220721,656,12.0,362,55.0,166.0,1.302684742,0.023829599,0.718859568,0.109218995,0.329642785,66.0184669,0.030406535,32.58080537,0.22318397,1.147137225,5013.82844,13316.75992,0.428433333,6.884207831,2.823741818,1.0835358231707333,104.50235746951226,50.67895609756067
Artiodactyla,Tayassu,T_pecari,Fr/On,Te,7,27100,478.23,109.95,T_pecari,8805.309204,,17322.44688,233.2525479,577.8742555,53.7881934,,59.32570167,2.734952681,5.886196945,12.82038651,,49.30049261,0.329291398,0.400909435,741,,222,48.0,297.0,2.750670854,,0.824087624,0.178181108,1.102495605,32.68624479,,64.3027662,0.86585828,2.145130731,12533.28251,530.467949,,5.854522222,27.70359167,1.089011875843455,116.68651835357575,11.883051282051298
