Study_ID,Species,Ind_ID,Home_Range_km2
1493,Brachyteles arachnoides,NA,1.68
2308,Brachyteles hypoxanthus,Matao,3.09
3331,Mazama gouazoubira,Mgo01,0.7716
3331,Mazama gouazoubira,Mgo02,0.7775
3331,Mazama gouazoubira,Mgo03,0.5233
3331,Mazama gouazoubira,Mgo04,0.1712
3331,Mazama gouazoubira,Mgo05,0.6476
3331,Mazama gouazoubira,Mgo06,0.6492
3331,Mazama gouazoubira,Mgo01,0.1183
3331,Mazama gouazoubira,Mgo02,0.0669
3331,Mazama gouazoubira,Mgo03,0.0587
3331,Mazama gouazoubira,Mgo04,0.0098
3331,Mazama gouazoubira,Mgo05,0.0883
3331,Mazama gouazoubira,Mgo06,0.1185
3331,Mazama gouazoubira,NA,0.59
3331,Mazama gouazoubira,NA,0.077
1784,Alouatta guariba,BRI,0.7032
1784,Alouatta guariba,BR2,0.3122
1784,Alouatta guariba,BRI,0.5944
1784,Alouatta guariba,BR2,0.2617
1784,Alouatta guariba,BRI,0.6037
1784,Alouatta guariba,BR2,0.1632
1784,Alouatta guariba,BRI,0.0739
1784,Alouatta guariba,BR2,0.0205
1784,Alouatta guariba,BRI,0.0757
1784,Alouatta guariba,BR2,0.0301
1784,Alouatta guariba,BRI,0.0579
1784,Alouatta guariba,BR2,0.0133
3242,Alouatta guariba,G3,0.15
3242,Alouatta guariba,G3,0.184
3242,Alouatta guariba,G3,0.059
3242,Alouatta guariba,G4,0.413
3242,Alouatta guariba,G4,0.438
3242,Alouatta guariba,G4,0.13
3384,Puma concolor,FP009,204.3070849
3384,Puma concolor,FP011,249.3117065
3384,Puma concolor,FP016,810.5673881
3384,Puma concolor,FP019,149.400085
3384,Puma concolor,FP023,597.1820923
3384,Puma concolor,FP032,142.2825086
3384,Puma concolor,FP040,387.534813
3384,Puma concolor,FP045,481.7394378
3384,Puma concolor,FP046,436.5278576
3384,Puma concolor,FP048,172.5456012
3384,Puma concolor,FP049,102.8227143
3384,Puma concolor,FP051,620.245188
3384,Puma concolor,FP054,690.1732327
3384,Puma concolor,FP055,320.8219478
3384,Puma concolor,FP056,273.6178245
3384,Puma concolor,FP057,192.1382787
3384,Puma concolor,FP058,358.6340947
3384,Puma concolor,FP059,197.7912261
3384,Puma concolor,FP060,989.2872522
3384,Puma concolor,FP061,391.2251085
3384,Puma concolor,FP201,107.9850034
3384,Puma concolor,TX101,26.84537887
3384,Puma concolor,TX103,351.5712272
3384,Puma concolor,TX104,758.0955361
3384,Puma concolor,TX105,109.0812619
3384,Puma concolor,TX106,225.3831341
3384,Puma concolor,TX107,422.5191639
3384,Puma concolor,TX108,289.1080847
3384,Puma concolor,FP011,257.1608222
3384,Puma concolor,FP016,366.3937036
3384,Puma concolor,FP023,429.9516506
3384,Puma concolor,FP032,100.9210678
3384,Puma concolor,FP036,230.3409989
3384,Puma concolor,FP040,220.4174589
3384,Puma concolor,FP045,668.4898982
3384,Puma concolor,FP046,343.0853542
3384,Puma concolor,FP048,190.4022406
3384,Puma concolor,FP049,186.3830858
3384,Puma concolor,FP051,465.7532567
3384,Puma concolor,FP054,560.2890969
3384,Puma concolor,FP055,453.9280593
3384,Puma concolor,FP056,94.70043492
3384,Puma concolor,FP057,241.3543399
3384,Puma concolor,FP059,412.9448913
3384,Puma concolor,FP060,244.070915
3384,Puma concolor,FP061,414.2706186
3384,Puma concolor,FP062,9609.027487
3384,Puma concolor,FP063,294.2468694
3384,Puma concolor,FP064,2228.207103
3384,Puma concolor,FP065,4497.141358
3384,Puma concolor,FP066,28.65755304
3384,Puma concolor,FP067,110.7791509
3384,Puma concolor,FP068,177.8079463
3384,Puma concolor,FP071,498.3734521
3384,Puma concolor,TX101,115.8784758
3384,Puma concolor,TX103,735.9107215
3384,Puma concolor,TX104,559.4697611
3384,Puma concolor,TX105,309.0956335
3384,Puma concolor,TX106,185.1291266
3384,Puma concolor,TX107,427.6486173
3384,Puma concolor,TX108,215.4237227
3384,Puma concolor,FP011,265.8588035
3384,Puma concolor,FP016,525.2966149
3384,Puma concolor,FP023,870.2779889
3384,Puma concolor,FP032,97.41789461
3384,Puma concolor,FP046,283.7131285
3384,Puma concolor,FP048,154.5125143
3384,Puma concolor,FP049,218.0226102
3384,Puma concolor,FP054,688.3473748
3384,Puma concolor,FP055,371.9768403
3384,Puma concolor,FP057,172.427992
3384,Puma concolor,FP059,292.6200553
3384,Puma concolor,FP060,502.4339412
3384,Puma concolor,FP061,402.4611151
3384,Puma concolor,FP062,529.1769303
3384,Puma concolor,FP063,650.7146067
3384,Puma concolor,FP064,423.2736281
3384,Puma concolor,FP065,227.2717327
3384,Puma concolor,FP066,667.274814
3384,Puma concolor,FP067,183.4767956
3384,Puma concolor,FP068,241.7811173
3384,Puma concolor,FP069,532.0737443
3384,Puma concolor,FP070,685.43865
3384,Puma concolor,FP071,567.4595655
3384,Puma concolor,FP073,54.04557326
3384,Puma concolor,FP074,7458.546014
3384,Puma concolor,FP075,197.610756
3384,Puma concolor,FP076,422.9258241
3384,Puma concolor,FP077,113.9943784
3384,Puma concolor,FP078,71.94836158
3384,Puma concolor,FP079,2667.082108
3384,Puma concolor,TX101,95.21641622
3384,Puma concolor,TX103,696.4895067
3384,Puma concolor,TX105,298.6455676
3384,Puma concolor,TX106,200.990159
3384,Puma concolor,TX107,171.1326567
3384,Puma concolor,TX108,333.2564372
3384,Puma concolor,FP011,422.0810673
3384,Puma concolor,FP016,220.7250121
3384,Puma concolor,FP023,509.916106
3384,Puma concolor,FP032,146.1987517
3384,Puma concolor,FP048,136.4194849
3384,Puma concolor,FP049,166.9133288
3384,Puma concolor,FP054,587.5797928
3384,Puma concolor,FP055,266.3711419
3384,Puma concolor,FP057,365.8707568
3384,Puma concolor,FP059,646.2017604
3384,Puma concolor,FP060,848.7086725
3384,Puma concolor,FP061,663.672628
3384,Puma concolor,FP062,2323.970915
3384,Puma concolor,FP063,539.3174675
3384,Puma concolor,FP065,421.1094534
3384,Puma concolor,FP066,233.7063049
3384,Puma concolor,FP067,151.371066
3384,Puma concolor,FP068,814.6579245
3384,Puma concolor,FP069,245.130614
3384,Puma concolor,FP070,586.6099063
3384,Puma concolor,FP071,549.3664194
3384,Puma concolor,FP073,339.3146469
3384,Puma concolor,FP075,74.62696608
3384,Puma concolor,FP077,247.5330299
3384,Puma concolor,FP078,112.5724139
3384,Puma concolor,FP079,1601.469848
3384,Puma concolor,FP081,251.2627681
3384,Puma concolor,FP082,276.0794439
3384,Puma concolor,FP083,647.2114918
3384,Puma concolor,FP085,1036.08359
3384,Puma concolor,TX101,70.73394699
3384,Puma concolor,TX105,151.1091401
3384,Puma concolor,TX106,418.1458921
3384,Puma concolor,TX108,310.8266889
3384,Puma concolor,FP011,122.6366602
3384,Puma concolor,FP032,256.4407438
3384,Puma concolor,FP049,234.6937213
3384,Puma concolor,FP055,242.0408665
3384,Puma concolor,FP059,551.9098348
3384,Puma concolor,FP060,308.7828399
3384,Puma concolor,FP061,331.1095672
3384,Puma concolor,FP067,96.57787665
3384,Puma concolor,FP069,258.2675551
3384,Puma concolor,FP073,83.91764367
3384,Puma concolor,FP075,143.9229224
3384,Puma concolor,FP077,218.9474592
3384,Puma concolor,FP078,83.81608983
3384,Puma concolor,FP079,1913.013215
3384,Puma concolor,FP081,313.9984337
3384,Puma concolor,FP082,76.99649584
3384,Puma concolor,FP083,93.47890483
3384,Puma concolor,FP085,1054.711805
3384,Puma concolor,FP086,205.2529221
3384,Puma concolor,FP087,91.20099621
3384,Puma concolor,FP088,1063.570266
3384,Puma concolor,FP090,2489.186462
3384,Puma concolor,FP091,1565.371184
3384,Puma concolor,FP092,2582.371428
3384,Puma concolor,FP093,211.7311151
3384,Puma concolor,FP094,823.011122
3384,Puma concolor,FP095,199.9452359
3384,Puma concolor,FP096,81.72326706
3384,Puma concolor,FP097,103.2489061
3384,Puma concolor,FP098,515.3493339
3384,Puma concolor,FP099,115.4152273
3384,Puma concolor,FP100,572.4664635
3384,Puma concolor,FP101,104.7848913
3384,Puma concolor,FP102,435.9255857
3384,Puma concolor,TX105,487.7181124
3384,Puma concolor,TX106,265.2548564
3384,Puma concolor,TX107,152.5123836
3384,Puma concolor,TX108,349.5720557
3384,Puma concolor,FP032,185.96329
3384,Puma concolor,FP055,218.9188707
3384,Puma concolor,FP059,593.9815251
3384,Puma concolor,FP060,627.8678787
3384,Puma concolor,FP061,306.764339
3384,Puma concolor,FP065,301.7970449
3384,Puma concolor,FP067,110.2841342
3384,Puma concolor,FP073,129.1223542
3384,Puma concolor,FP075,144.0770862
3384,Puma concolor,FP078,117.067057
3384,Puma concolor,FP079,1243.482916
3384,Puma concolor,FP081,393.3987289
3384,Puma concolor,FP082,162.327005
3384,Puma concolor,FP083,108.7336365
3384,Puma concolor,FP085,826.5030336
3384,Puma concolor,FP086,205.5135094
3384,Puma concolor,FP087,408.3632696
3384,Puma concolor,FP088,645.0423482
3384,Puma concolor,FP091,429.0520397
3384,Puma concolor,FP093,189.8903519
3384,Puma concolor,FP094,493.2597068
3384,Puma concolor,FP095,169.4907123
3384,Puma concolor,FP096,1081.343099
3384,Puma concolor,FP098,869.1924162
3384,Puma concolor,FP099,2052.763796
3384,Puma concolor,FP100,586.4098437
3384,Puma concolor,FP101,159.6005958
3384,Puma concolor,FP102,308.5790891
3384,Puma concolor,FP103,884.4675242
3384,Puma concolor,FP104,4118.766759
3384,Puma concolor,FP105,168.3458079
3384,Puma concolor,FP106,84.08360168
3384,Puma concolor,FP107,123.2701073
3384,Puma concolor,FP108,847.0847299
3384,Puma concolor,FP109,301.2904834
3384,Puma concolor,FP110,170.9855298
3384,Puma concolor,FP111,426.8488795
3384,Puma concolor,FP112,190.9862504
3384,Puma concolor,TX105,302.5932646
3384,Puma concolor,TX106,758.1166238
3384,Puma concolor,TX108,213.9008538
3384,Puma concolor,FP055,171.164138
3384,Puma concolor,FP059,598.9044877
3384,Puma concolor,FP060,1473.868645
3384,Puma concolor,FP061,278.7649143
3384,Puma concolor,FP065,332.552704
3384,Puma concolor,FP067,46.50732373
3384,Puma concolor,FP073,68.72598175
3384,Puma concolor,FP075,182.3436743
3384,Puma concolor,FP079,1276.709465
3384,Puma concolor,FP082,97.14609093
3384,Puma concolor,FP083,154.3389981
3384,Puma concolor,FP085,717.2111274
3384,Puma concolor,FP086,197.4282807
3384,Puma concolor,FP087,172.9841027
3384,Puma concolor,FP091,428.7232243
3384,Puma concolor,FP093,172.3510798
3384,Puma concolor,FP094,858.3314137
3384,Puma concolor,FP095,226.6586218
3384,Puma concolor,FP100,813.9711438
3384,Puma concolor,FP101,145.4489026
3384,Puma concolor,FP102,291.0003422
3384,Puma concolor,FP103,390.6340528
3384,Puma concolor,FP104,1144.135097
3384,Puma concolor,FP106,72.23074539
3384,Puma concolor,FP107,118.3997951
3384,Puma concolor,FP110,118.2653413
3384,Puma concolor,FP115,250.5238384
3384,Puma concolor,FP117,123.1504747
3384,Puma concolor,TX105,153.8165262
3384,Puma concolor,TX106,155.6701063
3384,Puma concolor,FP055,477.0645707
3384,Puma concolor,FP059,594.8947671
3384,Puma concolor,FP060,1208.048979
3384,Puma concolor,FP065,355.6090444
3384,Puma concolor,FP070,295.3077019
3384,Puma concolor,FP071,226.5091381
3384,Puma concolor,FP075,114.2181761
3384,Puma concolor,FP083,275.1429053
3384,Puma concolor,FP085,519.7388282
3384,Puma concolor,FP094,514.9132229
3384,Puma concolor,FP095,290.5988154
3384,Puma concolor,FP100,615.1183153
3384,Puma concolor,FP102,367.5662575
3384,Puma concolor,FP103,455.3513587
3384,Puma concolor,FP104,644.9732109
3384,Puma concolor,FP107,120.5094877
3384,Puma concolor,FP110,205.6320664
3384,Puma concolor,FP113,46.41536021
3384,Puma concolor,FP116,87.36021414
3384,Puma concolor,FP117,1184.516966
3384,Puma concolor,FP120,58.68998446
3384,Puma concolor,FP121,77.75135794
3384,Puma concolor,FP124,410.0943322
3384,Puma concolor,FP125,396.1968608
3384,Puma concolor,FP126,491.3222422
3384,Puma concolor,FP127,2500.233356
3384,Puma concolor,FP128,191.5194333
3384,Puma concolor,FP129,539.860299
3384,Puma concolor,FP130,265.4815032
3384,Puma concolor,FP048,180.8385829
3384,Puma concolor,FP065,536.3069953
3384,Puma concolor,FP069,98.47746211
3384,Puma concolor,FP070,190.4631847
3384,Puma concolor,FP071,422.7987805
3384,Puma concolor,FP075,71.91233949
3384,Puma concolor,FP079,1451.58558
3384,Puma concolor,FP083,244.4422304
3384,Puma concolor,FP094,647.2374193
3384,Puma concolor,FP095,256.8896016
3384,Puma concolor,FP100,274.6460471
3384,Puma concolor,FP102,391.2969071
3384,Puma concolor,FP103,454.9434211
3384,Puma concolor,FP104,887.3985906
3384,Puma concolor,FP107,127.1157655
3384,Puma concolor,FP110,152.861848
3384,Puma concolor,FP113,70.43749614
3384,Puma concolor,FP116,121.2712147
3384,Puma concolor,FP119,281.5984168
3384,Puma concolor,FP121,96.80700625
3384,Puma concolor,FP124,99.84891122
3384,Puma concolor,FP126,449.2659635
3384,Puma concolor,FP127,331.6657778
3384,Puma concolor,FP128,229.8701219
3384,Puma concolor,FP129,246.7291452
3384,Puma concolor,FP130,5071.779527
3384,Puma concolor,FP131,478.8155703
3384,Puma concolor,FP133,739.9000551
3384,Puma concolor,FP134,300.3579472
3384,Puma concolor,FP135,307.2500769
3384,Puma concolor,FP136,218.3419551
3384,Puma concolor,FP137,280.0913641
3384,Puma concolor,FP138,2343.130852
3384,Puma concolor,FP048,338.2874144
3384,Puma concolor,FP065,288.1065938
3384,Puma concolor,FP070,483.006498
3384,Puma concolor,FP075,205.9522303
3384,Puma concolor,FP079,1711.503727
3384,Puma concolor,FP083,202.3563676
3384,Puma concolor,FP093,141.7864535
3384,Puma concolor,FP094,643.5110542
3384,Puma concolor,FP095,503.9672687
3384,Puma concolor,FP100,290.6400204
3384,Puma concolor,FP102,377.2963215
3384,Puma concolor,FP103,536.3665649
3384,Puma concolor,FP104,846.3308933
3384,Puma concolor,FP107,106.1174153
3384,Puma concolor,FP110,73.53494909
3384,Puma concolor,FP113,121.7034597
3384,Puma concolor,FP116,102.8386505
3384,Puma concolor,FP119,360.9888364
3384,Puma concolor,FP121,37.80214604
3384,Puma concolor,FP124,299.5657428
3384,Puma concolor,FP127,1110.229651
3384,Puma concolor,FP128,111.1785855
3384,Puma concolor,FP129,406.3113851
3384,Puma concolor,FP130,2187.88645
3384,Puma concolor,FP131,483.6404411
3384,Puma concolor,FP133,729.734359
3384,Puma concolor,FP134,396.2803052
3384,Puma concolor,FP135,297.3293184
3384,Puma concolor,FP137,423.3394066
3384,Puma concolor,FP138,2621.280272
3384,Puma concolor,FP140,101.3132289
3384,Puma concolor,FP141,244.6189785
3384,Puma concolor,FP142,323.3165748
3384,Puma concolor,FP143,1487.582707
3384,Puma concolor,FP144,681.2912232
3384,Puma concolor,FP145,112.1173526
3384,Puma concolor,FP147,1987.394332
3384,Puma concolor,FP065,265.1683058
3384,Puma concolor,FP093,177.6154997
3384,Puma concolor,FP094,584.555702
3384,Puma concolor,FP095,302.2068808
3384,Puma concolor,FP100,173.816582
3384,Puma concolor,FP102,352.1467647
3384,Puma concolor,FP103,571.0394214
3384,Puma concolor,FP107,191.5352444
3384,Puma concolor,FP110,180.1087578
3384,Puma concolor,FP113,94.89652483
3384,Puma concolor,FP116,82.4706952
3384,Puma concolor,FP119,284.3666015
3384,Puma concolor,FP124,222.3269114
3384,Puma concolor,FP127,1534.330772
3384,Puma concolor,FP128,113.9220483
3384,Puma concolor,FP131,378.524913
3384,Puma concolor,FP133,813.0098671
3384,Puma concolor,FP134,371.3838694
3384,Puma concolor,FP137,509.7239884
3384,Puma concolor,FP138,2302.40942
3384,Puma concolor,FP140,92.51426738
3384,Puma concolor,FP141,320.1006714
3384,Puma concolor,FP142,316.3467069
3384,Puma concolor,FP143,215.4003831
3384,Puma concolor,FP144,413.0795452
3384,Puma concolor,FP145,203.5873359
3384,Puma concolor,FP146,418.026723
3384,Puma concolor,FP147,339.7374307
3384,Puma concolor,FP148,77.4655755
3384,Puma concolor,FP149,163.257612
3384,Puma concolor,FP150,352.5650173
3384,Puma concolor,FP151,141.7099259
3384,Puma concolor,FP152,1649.069193
3384,Puma concolor,FP153,166.673037
3384,Puma concolor,FP154,218.9028757
3384,Puma concolor,FP009,234.2809007
3384,Puma concolor,FP011,223.2747533
3384,Puma concolor,FP016,350.5761467
3384,Puma concolor,FP019,39.69412803
3384,Puma concolor,FP023,706.0931108
3384,Puma concolor,FP032,166.2283414
3384,Puma concolor,FP036,228.4699656
3384,Puma concolor,FP040,334.4541656
3384,Puma concolor,FP045,584.1734334
3384,Puma concolor,FP046,406.3765527
3384,Puma concolor,FP048,217.9258715
3384,Puma concolor,FP051,503.0028552
3384,Puma concolor,FP054,683.8169388
3384,Puma concolor,FP055,290.188878
3384,Puma concolor,FP056,223.89495
3384,Puma concolor,FP057,365.5014832
3384,Puma concolor,FP058,196.7176315
3384,Puma concolor,FP059,262.6373237
3384,Puma concolor,FP060,313.8833226
3384,Puma concolor,TX101,121.1448642
3384,Puma concolor,TX103,218.4499996
3384,Puma concolor,TX104,569.5136201
3384,Puma concolor,TX105,173.9221212
3384,Puma concolor,TX106,206.2880761
3384,Puma concolor,TX107,455.1230569
3384,Puma concolor,TX108,124.699371
3384,Puma concolor,FP009,207.2292909
3384,Puma concolor,FP011,170.2030893
3384,Puma concolor,FP016,574.5391581
3384,Puma concolor,FP019,125.8670267
3384,Puma concolor,FP023,366.6801295
3384,Puma concolor,FP032,95.80525299
3384,Puma concolor,FP036,249.1115939
3384,Puma concolor,FP040,138.348331
3384,Puma concolor,FP045,497.4125986
3384,Puma concolor,FP046,518.6270529
3384,Puma concolor,FP048,124.6916246
3384,Puma concolor,FP049,99.15216338
3384,Puma concolor,FP051,636.3160818
3384,Puma concolor,FP054,494.288117
3384,Puma concolor,FP055,368.6441197
3384,Puma concolor,FP056,207.3958602
3384,Puma concolor,FP057,268.1668346
3384,Puma concolor,FP059,251.4333456
3384,Puma concolor,FP060,268.0544131
3384,Puma concolor,FP061,140.7664503
3384,Puma concolor,FP062,122.426552
3384,Puma concolor,FP063,82.79366397
3384,Puma concolor,FP064,104.1769124
3384,Puma concolor,TX101,23.33797807
3384,Puma concolor,TX103,469.4132887
3384,Puma concolor,TX104,414.1817142
3384,Puma concolor,TX105,129.2888716
3384,Puma concolor,TX106,263.7819017
3384,Puma concolor,TX107,106.9582246
3384,Puma concolor,TX108,156.7613913
3384,Puma concolor,FP011,127.0859444
3384,Puma concolor,FP016,620.4724753
3384,Puma concolor,FP023,749.6829785
3384,Puma concolor,FP032,140.1969652
3384,Puma concolor,FP036,226.456538
3384,Puma concolor,FP045,713.3423784
3384,Puma concolor,FP046,285.5642468
3384,Puma concolor,FP048,88.26765429
3384,Puma concolor,FP049,195.8017489
3384,Puma concolor,FP054,498.9616327
3384,Puma concolor,FP055,296.7393111
3384,Puma concolor,FP057,77.11291373
3384,Puma concolor,FP059,322.6156416
3384,Puma concolor,FP060,288.3908318
3384,Puma concolor,FP061,399.5357857
3384,Puma concolor,FP062,1526.498709
3384,Puma concolor,FP063,315.8130439
3384,Puma concolor,FP064,134.3106684
3384,Puma concolor,FP065,2317.965067
3384,Puma concolor,FP066,6533.479747
3384,Puma concolor,FP067,187.5589773
3384,Puma concolor,FP068,263.7875084
3384,Puma concolor,FP070,783.9113098
3384,Puma concolor,FP071,758.5026687
3384,Puma concolor,FP072,71.03528543
3384,Puma concolor,TX101,126.5832381
3384,Puma concolor,TX103,706.8417201
3384,Puma concolor,TX105,396.7712969
3384,Puma concolor,TX106,343.8113214
3384,Puma concolor,TX107,660.825124
3384,Puma concolor,TX108,270.167234
3384,Puma concolor,FP011,168.6359089
3384,Puma concolor,FP016,314.8168477
3384,Puma concolor,FP023,344.9979196
3384,Puma concolor,FP032,141.469389
3384,Puma concolor,FP048,101.3922264
3384,Puma concolor,FP049,110.5143721
3384,Puma concolor,FP054,492.4073216
3384,Puma concolor,FP055,104.373758
3384,Puma concolor,FP057,241.8259986
3384,Puma concolor,FP059,233.1608899
3384,Puma concolor,FP060,445.7982365
3384,Puma concolor,FP062,219.1800441
3384,Puma concolor,FP063,399.875956
3384,Puma concolor,FP065,495.9695614
3384,Puma concolor,FP066,569.7152966
3384,Puma concolor,FP067,184.2412775
3384,Puma concolor,FP068,248.5136636
3384,Puma concolor,FP069,173.2518275
3384,Puma concolor,FP070,63.7504946
3384,Puma concolor,FP071,205.9100684
3384,Puma concolor,FP073,62.98358591
3384,Puma concolor,FP074,909.2158305
3384,Puma concolor,FP075,33.54054286
3384,Puma concolor,FP076,560.7913967
3384,Puma concolor,FP077,209.5756066
3384,Puma concolor,FP078,78.53871503
3384,Puma concolor,FP079,2438.345726
3384,Puma concolor,TX101,34.90494468
3384,Puma concolor,TX103,732.403865
3384,Puma concolor,TX105,134.5506454
3384,Puma concolor,TX106,92.57170239
3384,Puma concolor,TX107,124.8388818
3384,Puma concolor,TX108,198.4524736
3384,Puma concolor,FP011,153.5691091
3384,Puma concolor,FP023,660.5514033
3384,Puma concolor,FP032,165.6468791
3384,Puma concolor,FP049,160.2938106
3384,Puma concolor,FP054,330.1847549
3384,Puma concolor,FP055,178.6451202
3384,Puma concolor,FP059,488.8415545
3384,Puma concolor,FP060,431.6155642
3384,Puma concolor,FP061,256.7982898
3384,Puma concolor,FP065,424.934357
3384,Puma concolor,FP067,123.4637603
3384,Puma concolor,FP069,178.5500045
3384,Puma concolor,FP073,172.2451459
3384,Puma concolor,FP075,118.5093054
3384,Puma concolor,FP077,108.6075005
3384,Puma concolor,FP078,32.64220945
3384,Puma concolor,FP079,1767.622019
3384,Puma concolor,FP081,243.7939381
3384,Puma concolor,FP082,344.2239085
3384,Puma concolor,FP083,502.2784365
3384,Puma concolor,FP085,990.3136276
3384,Puma concolor,FP086,877.3457925
3384,Puma concolor,FP087,757.882063
3384,Puma concolor,FP088,214.1120424
3384,Puma concolor,FP089,282.2511525
3384,Puma concolor,FP090,510.7761668
3384,Puma concolor,FP091,486.8674821
3384,Puma concolor,FP092,335.5414253
3384,Puma concolor,FP093,181.4763303
3384,Puma concolor,FP094,310.0005297
3384,Puma concolor,TX105,310.5036594
3384,Puma concolor,TX106,174.1223155
3384,Puma concolor,TX107,202.8781723
3384,Puma concolor,TX108,272.5454339
3384,Puma concolor,FP032,189.5521986
3384,Puma concolor,FP049,102.5614158
3384,Puma concolor,FP055,162.8895331
3384,Puma concolor,FP059,684.5769129
3384,Puma concolor,FP060,514.9689306
3384,Puma concolor,FP061,510.8983261
3384,Puma concolor,FP067,57.14920651
3384,Puma concolor,FP073,108.2435704
3384,Puma concolor,FP075,77.03867601
3384,Puma concolor,FP077,174.7334409
3384,Puma concolor,FP078,144.3751178
3384,Puma concolor,FP079,1440.625241
3384,Puma concolor,FP081,369.5557664
3384,Puma concolor,FP082,131.1619023
3384,Puma concolor,FP083,151.2540298
3384,Puma concolor,FP085,592.1271416
3384,Puma concolor,FP086,247.2167667
3384,Puma concolor,FP087,154.3939605
3384,Puma concolor,FP088,274.3395276
3384,Puma concolor,FP091,485.7008521
3384,Puma concolor,FP092,459.7973834
3384,Puma concolor,FP093,237.8114068
3384,Puma concolor,FP094,386.1451163
3384,Puma concolor,FP095,145.6089613
3384,Puma concolor,FP096,123.9625364
3384,Puma concolor,FP097,272.2978254
3384,Puma concolor,FP098,395.8825032
3384,Puma concolor,FP099,131.7730171
3384,Puma concolor,FP100,830.4762612
3384,Puma concolor,FP101,151.7576126
3384,Puma concolor,FP102,220.053268
3384,Puma concolor,FP103,671.6201431
3384,Puma concolor,FP105,105.1136825
3384,Puma concolor,FP106,74.07999237
3384,Puma concolor,TX105,201.5787976
3384,Puma concolor,TX106,371.768824
3384,Puma concolor,TX108,185.2911229
3384,Puma concolor,FP032,276.9391971
3384,Puma concolor,FP055,263.5704249
3384,Puma concolor,FP059,429.3217139
3384,Puma concolor,FP060,650.2831714
3384,Puma concolor,FP061,238.0865759
3384,Puma concolor,FP065,336.2119973
3384,Puma concolor,FP067,36.91739256
3384,Puma concolor,FP073,23.14911503
3384,Puma concolor,FP075,37.46050931
3384,Puma concolor,FP078,132.2624245
3384,Puma concolor,FP079,1856.760888
3384,Puma concolor,FP081,461.9536156
3384,Puma concolor,FP082,217.9759651
3384,Puma concolor,FP083,155.5695024
3384,Puma concolor,FP085,788.9213741
3384,Puma concolor,FP086,150.3829554
3384,Puma concolor,FP087,178.5773406
3384,Puma concolor,FP088,666.0775765
3384,Puma concolor,FP091,367.9124792
3384,Puma concolor,FP093,154.9762039
3384,Puma concolor,FP094,458.4118363
3384,Puma concolor,FP095,85.99267592
3384,Puma concolor,FP099,392.567331
3384,Puma concolor,FP100,1546.774238
3384,Puma concolor,FP101,236.457698
3384,Puma concolor,FP102,322.2875892
3384,Puma concolor,FP103,362.1983572
3384,Puma concolor,FP104,335.3524634
3384,Puma concolor,FP106,62.63507472
3384,Puma concolor,FP107,89.97057127
3384,Puma concolor,FP108,165.6449149
3384,Puma concolor,FP110,77.62031056
3384,Puma concolor,FP111,473.5775089
3384,Puma concolor,FP112,89.60430738
3384,Puma concolor,TX105,120.6862659
3384,Puma concolor,TX106,414.8383704
3384,Puma concolor,TX108,229.3825803
3384,Puma concolor,FP055,171.681856
3384,Puma concolor,FP059,743.9390599
3384,Puma concolor,FP060,823.3938279
3384,Puma concolor,FP065,336.1162319
3384,Puma concolor,FP070,155.3808913
3384,Puma concolor,FP075,84.53044213
3384,Puma concolor,FP079,839.4042789
3384,Puma concolor,FP083,170.8364992
3384,Puma concolor,FP085,284.580882
3384,Puma concolor,FP086,120.1611483
3384,Puma concolor,FP091,380.5666924
3384,Puma concolor,FP093,284.9234039
3384,Puma concolor,FP094,487.9494039
3384,Puma concolor,FP095,199.2026952
3384,Puma concolor,FP100,570.1224537
3384,Puma concolor,FP101,133.6303604
3384,Puma concolor,FP102,344.6323324
3384,Puma concolor,FP103,400.3261206
3384,Puma concolor,FP104,519.5261889
3384,Puma concolor,FP107,189.9219604
3384,Puma concolor,FP110,89.81803125
3384,Puma concolor,FP117,30.81657798
3384,Puma concolor,FP119,92.62152807
3384,Puma concolor,FP120,64.6038459
3384,Puma concolor,FP059,638.5504402
3384,Puma concolor,FP065,683.8863597
3384,Puma concolor,FP070,64.24706938
3384,Puma concolor,FP071,240.4311503
3384,Puma concolor,FP075,36.70892489
3384,Puma concolor,FP079,1055.813416
3384,Puma concolor,FP083,275.8673261
3384,Puma concolor,FP094,624.2317751
3384,Puma concolor,FP095,293.3713184
3384,Puma concolor,FP100,271.8722197
3384,Puma concolor,FP102,233.6555779
3384,Puma concolor,FP103,433.6269653
3384,Puma concolor,FP104,1502.340978
3384,Puma concolor,FP107,83.1898746
3384,Puma concolor,FP110,254.9210273
3384,Puma concolor,FP113,83.42183402
3384,Puma concolor,FP116,65.85453524
3384,Puma concolor,FP117,284.8433335
3384,Puma concolor,FP121,67.25655349
3384,Puma concolor,FP124,107.7901282
3384,Puma concolor,FP125,2043.327232
3384,Puma concolor,FP126,3004.959778
3384,Puma concolor,FP127,171.319457
3384,Puma concolor,FP128,153.8348748
3384,Puma concolor,FP129,368.6042926
3384,Puma concolor,FP130,4001.776618
3384,Puma concolor,FP131,514.1933576
3384,Puma concolor,FP048,116.464479
3384,Puma concolor,FP065,606.4507168
3384,Puma concolor,FP069,102.9609414
3384,Puma concolor,FP070,166.4199105
3384,Puma concolor,FP075,58.16563366
3384,Puma concolor,FP079,1616.383225
3384,Puma concolor,FP083,368.8883705
3384,Puma concolor,FP094,260.6261084
3384,Puma concolor,FP095,214.4082425
3384,Puma concolor,FP100,198.9407927
3384,Puma concolor,FP102,421.6137426
3384,Puma concolor,FP103,332.7311908
3384,Puma concolor,FP104,745.4845653
3384,Puma concolor,FP107,202.5302765
3384,Puma concolor,FP110,186.7780955
3384,Puma concolor,FP113,64.13081941
3384,Puma concolor,FP116,94.31730828
3384,Puma concolor,FP119,282.0313382
3384,Puma concolor,FP124,73.95826879
3384,Puma concolor,FP127,327.640721
3384,Puma concolor,FP128,104.1517369
3384,Puma concolor,FP129,130.5698164
3384,Puma concolor,FP130,625.5238968
3384,Puma concolor,FP131,467.5507173
3384,Puma concolor,FP133,817.935505
3384,Puma concolor,FP134,213.1494868
3384,Puma concolor,FP135,367.0034765
3384,Puma concolor,FP137,266.7896503
3384,Puma concolor,FP138,2667.375957
3384,Puma concolor,FP139,367.6827854
3384,Puma concolor,FP048,443.4536387
3384,Puma concolor,FP065,304.1298918
3384,Puma concolor,FP093,140.9635972
3384,Puma concolor,FP094,362.4402042
3384,Puma concolor,FP095,223.2129401
3384,Puma concolor,FP100,256.2970857
3384,Puma concolor,FP102,76.68612611
3384,Puma concolor,FP103,497.6329719
3384,Puma concolor,FP107,262.0697469
3384,Puma concolor,FP110,153.6613405
3384,Puma concolor,FP113,96.18671917
3384,Puma concolor,FP116,81.92479675
3384,Puma concolor,FP119,292.8368756
3384,Puma concolor,FP121,65.6870131
3384,Puma concolor,FP124,248.2030845
3384,Puma concolor,FP127,1171.173269
3384,Puma concolor,FP130,3060.293316
3384,Puma concolor,FP131,552.1588511
3384,Puma concolor,FP133,709.190082
3384,Puma concolor,FP134,346.9752962
3384,Puma concolor,FP135,339.5301446
3384,Puma concolor,FP137,461.8126406
3384,Puma concolor,FP138,3715.567885
3384,Puma concolor,FP140,172.8474024
3384,Puma concolor,FP141,143.7746898
3384,Puma concolor,FP142,159.9074206
3384,Puma concolor,FP143,101.6367726
3384,Puma concolor,FP144,164.5083978
3384,Puma concolor,FP145,117.0538423
3384,Puma concolor,FP146,374.3639445
3384,Puma concolor,FP147,2720.655831
3384,Puma concolor,FP148,220.564116
1184,Leopardus wiedii,F1,21.85
1986,Leopardus wiedii,M1,3.7
1986,Leopardus wiedii,M3,1.2
1986,Leopardus wiedii,M6,5.5
1986,Leopardus wiedii,M8,6
1986,Leopardus wiedii,NA,4.1
1986,Leopardus wiedii,M1,1.8
1986,Leopardus wiedii,M3,0.3
1986,Leopardus wiedii,M6,1.4
1986,Leopardus wiedii,M8,1.4
1986,Leopardus wiedii,NA,1.2
2674,Leopardus wiedii,M15,15.9
2674,Leopardus wiedii,M15,15.9
1184,Leopardus wiedii,F1,12.66
2820,Tayassu pecari,NA,22.2
2820,Tayassu pecari,NA,29.2
2820,Tayassu pecari,NA,26.3
2820,Tayassu pecari,NA,30.8
2820,Tayassu pecari,NA,33.6
2820,Tayassu pecari,NA,32.5
2820,Tayassu pecari,NA,24.3
2820,Tayassu pecari,NA,32.9
2820,Tayassu pecari,NA,28.8
2820,Tayassu pecari,NA,25.2
2820,Tayassu pecari,NA,31.3
2820,Tayassu pecari,NA,30.2
2820,Tayassu pecari,NA,32
2820,Tayassu pecari,NA,32.8
2820,Tayassu pecari,NA,36.2
2820,Tayassu pecari,NA,34.7
2820,Tayassu pecari,NA,37.8
2820,Tayassu pecari,NA,28.9
2820,Tayassu pecari,NA,34.7
2820,Tayassu pecari,NA,32.4
2820,Tayassu pecari,NA,36.2
3406,Tayassu pecari,TGAF1,34.29
3406,Tayassu pecari,TGAF2,39.53
3406,Tayassu pecari,TGAF3,21.53
3406,Tayassu pecari,BRAM1,18.33
3406,Tayassu pecari,TABF1,70.03
3406,Tayassu pecari,TGAF1,7.08
3406,Tayassu pecari,TGAF2,21.98
3406,Tayassu pecari,TGAF3,8.73
3406,Tayassu pecari,BRAM1,4.68
3406,Tayassu pecari,TABF1,9.74
3406,Tayassu pecari,TGAF1,32.6
3406,Tayassu pecari,TGAF2,49.97
3406,Tayassu pecari,TGAF3,28.254
3406,Tayassu pecari,BRAM1,28.01
3406,Tayassu pecari,TABF1,77.49
3406,Tayassu pecari,TGAF1,7.75
3406,Tayassu pecari,TGAF2,10.46
3406,Tayassu pecari,TGAF3,7
3406,Tayassu pecari,BRAM1,6.58
3406,Tayassu pecari,TABF1,17.25
3406,Tayassu pecari,TGAF1,43.14
3406,Tayassu pecari,TGAF2,62.66
3406,Tayassu pecari,TGAF3,30.91
3406,Tayassu pecari,BRAM1,26.59
3406,Tayassu pecari,TABF1,125.16
3406,Tayassu pecari,TGAF1,43.09
3406,Tayassu pecari,TGAF2,69.21
3406,Tayassu pecari,TGAF3,32.94
3406,Tayassu pecari,TABF1,162.4
3406,Tayassu pecari,TGAF1,58.24
3406,Tayassu pecari,TGAF2,62.46
3406,Tayassu pecari,TGAF3,8.63
3406,Tayassu pecari,TABF1,10.11
3407,Tayassu pecari,ALF,252.34
3407,Tayassu pecari,ODL,53.16
3407,Tayassu pecari,ODO,48.88
3407,Tayassu pecari,PNT,27.38
34,Tayassu pecari,(Catherine,21.64
34,Tayassu pecari,Thelma,19.02
34,Tayassu pecari,Spencer,26.91
34,Tayassu pecari,Conde,16.24
34,Tayassu pecari,Julho,8.43
34,Tayassu pecari,Louise,2.06
34,Tayassu pecari,NA,20.95
34,Tayassu pecari,(Catherine,19.45
34,Tayassu pecari,Thelma,16.87
34,Tayassu pecari,Spencer,23.9
34,Tayassu pecari,Conde,14.93
34,Tayassu pecari,Julho,7.81
34,Tayassu pecari,Louise,1.71
34,Tayassu pecari,NA,18.79
34,Tayassu pecari,(Catherine,19.24
34,Tayassu pecari,Thelma,18.32
34,Tayassu pecari,Spencer,24.16
34,Tayassu pecari,Conde,13.13
34,Tayassu pecari,Julho,6.07
34,Tayassu pecari,Louise,0.89
34,Tayassu pecari,NA,18.71
34,Tayassu pecari,(Catherine,18.37
34,Tayassu pecari,Thelma,15.38
34,Tayassu pecari,Spencer,25.81
34,Tayassu pecari,Conde,18.39
34,Tayassu pecari,Julho,6.02
34,Tayassu pecari,Louise,0.83
34,Tayassu pecari,NA,19.49
34,Tayassu pecari,(Catherine,9.35
34,Tayassu pecari,Thelma,6.61
34,Tayassu pecari,Spencer,13.25
34,Tayassu pecari,Conde,6.26
34,Tayassu pecari,Julho,1.17
34,Tayassu pecari,Louise,0.4
34,Tayassu pecari,NA,8.87
34,Tayassu pecari,(Catherine,14.52
34,Tayassu pecari,Thelma,10.25
34,Tayassu pecari,Spencer,10.41
34,Tayassu pecari,Conde,9.53
34,Tayassu pecari,Julho,6.22
34,Tayassu pecari,Louise,1.71
34,Tayassu pecari,NA,11.18
34,Tayassu pecari,(Catherine,10.47
34,Tayassu pecari,Thelma,13.9
34,Tayassu pecari,Spencer,17.53
34,Tayassu pecari,Conde,10.64
34,Tayassu pecari,Julho,2.41
34,Tayassu pecari,Louise,0.81
34,Tayassu pecari,NA,13.14
34,Tayassu pecari,(Catherine,11.63
34,Tayassu pecari,Thelma,13.47
34,Tayassu pecari,Spencer,13.58
34,Tayassu pecari,Conde,7.25
34,Tayassu pecari,Julho,3.85
34,Tayassu pecari,Louise,0.83
34,Tayassu pecari,NA,11.48
34,Tayassu pecari,(Catherine,9.38
34,Tayassu pecari,Thelma,9.14
34,Tayassu pecari,Spencer,13.04
34,Tayassu pecari,Conde,9.46
34,Tayassu pecari,Julho,2.43
34,Tayassu pecari,NA,10.25
34,Tayassu pecari,(Catherine,13.03
34,Tayassu pecari,Thelma,9.84
34,Tayassu pecari,Spencer,14.65
34,Tayassu pecari,Conde,4.34
34,Tayassu pecari,Julho,4.31
34,Tayassu pecari,NA,10.46
34,Tayassu pecari,(Catherine,7.18
34,Tayassu pecari,Thelma,8.24
34,Tayassu pecari,Spencer,13.41
34,Tayassu pecari,Conde,12.06
34,Tayassu pecari,Julho,2.28
34,Tayassu pecari,NA,10.22
1943,Tayassu pecari,Red,43.9
1943,Tayassu pecari,Blue,97.5
1943,Tayassu pecari,Green,82.4
1943,Tayassu pecari,Yellow,38.8
1943,Tayassu pecari,Red,5.9
1943,Tayassu pecari,Blue,10.4
1943,Tayassu pecari,Green,10.9
1943,Tayassu pecari,Yellow,5.7
1943,Tayassu pecari,Red,43.6
1943,Tayassu pecari,Blue,77.2
1943,Tayassu pecari,Green,121.8
1943,Tayassu pecari,Yellow,23.2
2273,Bradypus torquatus,BT464,0.0044
2273,Bradypus torquatus,BT065,0.0072
2273,Bradypus torquatus,BT162,0.0228
2273,Bradypus torquatus,BT464,0.0049
2273,Bradypus torquatus,BT065,0.1759
2273,Bradypus torquatus,BT464,0.0045
2273,Bradypus torquatus,BT464,0.0056
2273,Bradypus torquatus,BT065,0.2933
2273,Bradypus torquatus,BT162,0.0228
2273,Bradypus torquatus,BT464,0.01
2273,Bradypus torquatus,BT065,0.0404
2273,Bradypus torquatus,BT162,0.0164
15,Bradypus torquatus,BT9.3,0.109
15,Bradypus torquatus,BT11.3,0.022
15,Bradypus torquatus,BT1.5,0.016
15,Bradypus torquatus,BT1.5,0.008
15,Bradypus torquatus,BT1.5,0.01
15,Bradypus torquatus,BT13,0.043
15,Bradypus torquatus,BT9.3,0.109
15,Bradypus torquatus,BT11.3,0.022
15,Bradypus torquatus,BT1.5,0.016
15,Bradypus torquatus,BT1.5,0.008
15,Bradypus torquatus,BT1.5,0.01
15,Bradypus torquatus,BT13,0.043
922,Bradypus torquatus,NA,0.006
922,Bradypus torquatus,NA,0.045
922,Bradypus torquatus,BT113,0.005
922,Bradypus torquatus,BT65,0.007
922,Bradypus torquatus,BT113,0.028
922,Bradypus torquatus,BT65,0.059
1924,Bradypus torquatus,BT171,0.278
1924,Bradypus torquatus,BT163,0.1064
1924,Bradypus torquatus,BT323,0.1371
1924,Bradypus torquatus,BT393,0.0292
1924,Bradypus torquatus,BT182,0.115
1924,Bradypus torquatus,BT033,0.0109
1924,Bradypus torquatus,BT122,0.0095
1924,Bradypus torquatus,BT171,0.2152
1924,Bradypus torquatus,BT163,0.0689
1924,Bradypus torquatus,BT323,0.0659
1924,Bradypus torquatus,BT393,0.0714
1924,Bradypus torquatus,BT182,0.0235
1924,Bradypus torquatus,BT033,0.0039
1924,Bradypus torquatus,BT122,0.0332
1924,Bradypus torquatus,BT171,0.0461
1924,Bradypus torquatus,BT163,0.0154
1924,Bradypus torquatus,BT323,0.0135
1924,Bradypus torquatus,BT393,0.0153
1924,Bradypus torquatus,BT182,0.0043
1924,Bradypus torquatus,BT033,0.0086
1924,Bradypus torquatus,BT122,0.0078
1924,Bradypus torquatus,NA,0.098
1924,Bradypus torquatus,NA,0.0689
1924,Bradypus torquatus,NA,0.0159
1924,Bradypus torquatus,NA,0.1064
1924,Bradypus torquatus,NA,0.0688
1924,Bradypus torquatus,NA,0.0135
1924,Bradypus torquatus,NA,0.1371
1924,Bradypus torquatus,NA,0.0678
1924,Bradypus torquatus,NA,0.0659
1924,Bradypus torquatus,NA,0.051
1924,Bradypus torquatus,NA,0.0721
1924,Bradypus torquatus,NA,0.1064
1924,Bradypus torquatus,NA,0.0523
1924,Bradypus torquatus,NA,0.0659
2657,Myrmecophaga tridactyla,1,5.4
2657,Myrmecophaga tridactyla,1,7.3
2657,Myrmecophaga tridactyla,1,5.4
2657,Myrmecophaga tridactyla,1,7.3
2659,Myrmecophaga tridactyla,MTSR,0.77
2659,Myrmecophaga tridactyla,MTSR,0.32
2659,Myrmecophaga tridactyla,MTCA,2.04
2659,Myrmecophaga tridactyla,MTCA,0.69
2833,Myrmecophaga tridactyla,MC1,58.88
2833,Myrmecophaga tridactyla,MC2,5.25
2833,Myrmecophaga tridactyla,MC3,12.02
2833,Myrmecophaga tridactyla,MC4,3.89
2833,Myrmecophaga tridactyla,MC5,35.48
2833,Myrmecophaga tridactyla,MS2,29.51
2833,Myrmecophaga tridactyla,HC3,31.62
2833,Myrmecophaga tridactyla,HC4,63.1
2833,Myrmecophaga tridactyla,HC5,10
2833,Myrmecophaga tridactyla,HC7,3.09
2833,Myrmecophaga tridactyla,HC8,4.68
2833,Myrmecophaga tridactyla,HC10,10.47
2833,Myrmecophaga tridactyla,HC12,8.07
2833,Myrmecophaga tridactyla,HS1,11.22
2833,Myrmecophaga tridactyla,MC6,18.2
2833,Myrmecophaga tridactyla,MC7,8.51
2833,Myrmecophaga tridactyla,MC7,11.22
2833,Myrmecophaga tridactyla,MC9,12.3
2833,Myrmecophaga tridactyla,MC12,7.08
2833,Myrmecophaga tridactyla,MS1,4.68
2833,Myrmecophaga tridactyla,MS3,23.44
2833,Myrmecophaga tridactyla,HC1,4.9
2833,Myrmecophaga tridactyla,HC2,6.31
2833,Myrmecophaga tridactyla,HC13,5.01
2833,Myrmecophaga tridactyla,C2,0.4
2833,Myrmecophaga tridactyla,NA,22.64
2833,Myrmecophaga tridactyla,NA,18.37
2833,Myrmecophaga tridactyla,NA,27.55
2833,Myrmecophaga tridactyla,NA,14.34
2833,Myrmecophaga tridactyla,NA,13.48
2833,Myrmecophaga tridactyla,NA,8.54
2833,Myrmecophaga tridactyla,NA,21.27
2833,Myrmecophaga tridactyla,NA,14.55
3119,Myrmecophaga tridactyla,NA,0.3
3127,Myrmecophaga tridactyla,NA,6.8
3127,Myrmecophaga tridactyla,NA,8.8
3127,Myrmecophaga tridactyla,NA,4.4
3127,Myrmecophaga tridactyla,NA,8.274920216
3127,Myrmecophaga tridactyla,NA,2.421486921
3127,Myrmecophaga tridactyla,NA,6.423441373
3127,Myrmecophaga tridactyla,NA,16.83065512
3127,Myrmecophaga tridactyla,NA,3.487850044
3127,Myrmecophaga tridactyla,NA,10.69681854
3127,Myrmecophaga tridactyla,NA,5.206380051
3127,Myrmecophaga tridactyla,NA,4.477000877
3127,Myrmecophaga tridactyla,NA,16.97318897
3127,Myrmecophaga tridactyla,NA,7.318634555
3127,Myrmecophaga tridactyla,NA,7.190957776
3127,Myrmecophaga tridactyla,NA,16.59228621
3127,Myrmecophaga tridactyla,NA,3.009245709
3127,Myrmecophaga tridactyla,NA,2.766011233
3127,Myrmecophaga tridactyla,NA,10.17445659
3127,Myrmecophaga tridactyla,NA,1.996491848
3127,Myrmecophaga tridactyla,NA,2.41005787
3127,Myrmecophaga tridactyla,NA,7.758804335
3127,Myrmecophaga tridactyla,NA,7.623448602
3127,Myrmecophaga tridactyla,NA,11.37401509
3127,Myrmecophaga tridactyla,NA,4.672407691
3127,Myrmecophaga tridactyla,NA,8.722528926
3127,Myrmecophaga tridactyla,NA,1.8074587
3127,Myrmecophaga tridactyla,NA,4.512246046
3127,Myrmecophaga tridactyla,NA,2.570526997
3127,Myrmecophaga tridactyla,NA,3.835304967
3127,Myrmecophaga tridactyla,NA,1.746431573
3127,Myrmecophaga tridactyla,NA,3.44264379
3127,Myrmecophaga tridactyla,NA,1.61570751
3127,Myrmecophaga tridactyla,NA,2.410770602
3127,Myrmecophaga tridactyla,NA,37.69880131
3127,Myrmecophaga tridactyla,NA,2.911185744
3127,Myrmecophaga tridactyla,NA,2.30018845
3127,Myrmecophaga tridactyla,NA,1.146880768
3127,Myrmecophaga tridactyla,NA,4.509098383
3127,Myrmecophaga tridactyla,NA,1.932393402
3127,Myrmecophaga tridactyla,NA,14.17698096
3127,Myrmecophaga tridactyla,NA,2.715411428
3134,Myrmecophaga tridactyla,NA,8.94
3134,Myrmecophaga tridactyla,1,9.1
3134,Myrmecophaga tridactyla,2,22.6
3134,Myrmecophaga tridactyla,3,4.78
3134,Myrmecophaga tridactyla,4,4.94
3134,Myrmecophaga tridactyla,5,8.9
3134,Myrmecophaga tridactyla,6,3.8
3134,Myrmecophaga tridactyla,7,13.2
3134,Myrmecophaga tridactyla,8,2.34
3134,Myrmecophaga tridactyla,9,9.74
3134,Myrmecophaga tridactyla,10,11.86
3134,Myrmecophaga tridactyla,11,12
3134,Myrmecophaga tridactyla,12,12.68
3134,Myrmecophaga tridactyla,13,18.24
3134,Myrmecophaga tridactyla,14,10.39
3134,Myrmecophaga tridactyla,15,8.31
3134,Myrmecophaga tridactyla,16,6.83
3134,Myrmecophaga tridactyla,17,2.75
3134,Myrmecophaga tridactyla,18,20.74
3134,Myrmecophaga tridactyla,19,1.44
219,Myrmecophaga tridactyla,NA,9.75
219,Myrmecophaga tridactyla,NA,14.07
219,Myrmecophaga tridactyla,NA,9.62
409,Myrmecophaga tridactyla,1,2.46
409,Myrmecophaga tridactyla,1,0.75
409,Myrmecophaga tridactyla,1,0.92
409,Myrmecophaga tridactyla,1,0.13
409,Myrmecophaga tridactyla,1,1.44
409,Myrmecophaga tridactyla,1,0.28
409,Myrmecophaga tridactyla,1,0.02
409,Myrmecophaga tridactyla,1,0.11
409,Myrmecophaga tridactyla,1,0.24
409,Myrmecophaga tridactyla,1,0.04
409,Myrmecophaga tridactyla,1,0.25
409,Myrmecophaga tridactyla,1,0.1
409,Myrmecophaga tridactyla,1,0.08
409,Myrmecophaga tridactyla,1,0.13
1099,Myrmecophaga tridactyla,NA,9.83
1210,Myrmecophaga tridactyla,2,6.5
1210,Myrmecophaga tridactyla,3,11.9
1210,Myrmecophaga tridactyla,4,7.5
1210,Myrmecophaga tridactyla,5,4.5
1210,Myrmecophaga tridactyla,6,4
1210,Myrmecophaga tridactyla,2,6.8
1210,Myrmecophaga tridactyla,3,18.7
1210,Myrmecophaga tridactyla,4,10.9
1210,Myrmecophaga tridactyla,5,8.3
1210,Myrmecophaga tridactyla,6,6.7
1210,Myrmecophaga tridactyla,NA,5.7
1210,Myrmecophaga tridactyla,NA,8.2
1446,Myrmecophaga tridactyla,NA,3.67
1446,Myrmecophaga tridactyla,NA,2.74
1846,Myrmecophaga tridactyla,NA,3.41
1846,Myrmecophaga tridactyla,NA,6.1
1846,Myrmecophaga tridactyla,MCP,7.06
1846,Myrmecophaga tridactyla,NA,0.65
1846,Myrmecophaga tridactyla,NA,1.49
1846,Myrmecophaga tridactyla,F1,1.43
1846,Myrmecophaga tridactyla,M1,6.82
1846,Myrmecophaga tridactyla,F2,6.3
1846,Myrmecophaga tridactyla,M2,10.9
1846,Myrmecophaga tridactyla,M3,6.24
1846,Myrmecophaga tridactyla,F3,3.36
1846,Myrmecophaga tridactyla,M4,19.5
1846,Myrmecophaga tridactyla,F4,1.96
1846,Myrmecophaga tridactyla,NA,7.06
1846,Myrmecophaga tridactyla,F1,0.79
1846,Myrmecophaga tridactyla,M1,0.87
1846,Myrmecophaga tridactyla,F2,1.18
1846,Myrmecophaga tridactyla,M2,2.36
1846,Myrmecophaga tridactyla,M3,1.65
1846,Myrmecophaga tridactyla,F3,0.75
1846,Myrmecophaga tridactyla,M4,4.03
1846,Myrmecophaga tridactyla,F4,0.31
1846,Myrmecophaga tridactyla,NA,1.49
1846,Myrmecophaga tridactyla,F1,2.61
1846,Myrmecophaga tridactyla,M1,4.16
1846,Myrmecophaga tridactyla,F2,7.27
1846,Myrmecophaga tridactyla,M2,7.79
1846,Myrmecophaga tridactyla,M3,6.38
1846,Myrmecophaga tridactyla,F3,2.72
1846,Myrmecophaga tridactyla,M4,16.55
1846,Myrmecophaga tridactyla,F4,1.35
1846,Myrmecophaga tridactyla,NA,6.1
1846,Myrmecophaga tridactyla,F1,0.13
1846,Myrmecophaga tridactyla,M1,0.63
1846,Myrmecophaga tridactyla,F2,0.32
1846,Myrmecophaga tridactyla,M2,1.34
1846,Myrmecophaga tridactyla,M3,0.71
1846,Myrmecophaga tridactyla,F3,0.49
1846,Myrmecophaga tridactyla,M4,1.4
1846,Myrmecophaga tridactyla,F4,0.21
1846,Myrmecophaga tridactyla,NA,0.65
1846,Myrmecophaga tridactyla,F1,0.92
1846,Myrmecophaga tridactyla,M1,3.23
1846,Myrmecophaga tridactyla,F2,2.57
1846,Myrmecophaga tridactyla,M2,5.69
1846,Myrmecophaga tridactyla,M3,4.03
1846,Myrmecophaga tridactyla,F3,2.02
1846,Myrmecophaga tridactyla,M4,7.9
1846,Myrmecophaga tridactyla,F4,0.95
1846,Myrmecophaga tridactyla,NA,3.41
