SPECIES,UA_ID,UA_Area_ha_recomp,CA_Forest,CA_Herbaceous,CA_Agropecuaria,CA_Water,CA_Non_Vegetated,ED_Forest,ED_Herbaceous,ED_Agropecuaria,ED_Water,ED_Non_Vegetated,LPI_Forest,LPI_Herbaceous,LPI_Agropecuaria,LPI_Water,LPI_Non_Vegetated,NP_Forest,NP_Herbaceous,NP_Agropecuaria,NP_Water,NP_Non_Vegetated,PD_Forest,PD_Herbaceous,PD_Agropecuaria,PD_Water,PD_Non_Vegetated,PLAND_Forest,PLAND_Herbaceous,PLAND_Agropecuaria,PLAND_Water,PLAND_Non_Vegetated,PROX_MN_Agropecuaria,PROX_MN_Forest,PROX_MN_Herbaceous,PROX_MN_Non_Vegetated,PROX_MN_Water
A_guariba,1,126107.45412112153,38242.699472766566,29.092768560701675,84419.35421165038,946.0764176160811,2470.231250527789,48.38952243443546,0.10894261444963088,53.00666244776122,2.239404114233227,4.511491012801342,5.127005455811168,0.004937751946769415,39.62934481697939,0.0941410740015218,0.08564166491282035,3149,14,720,219,806,2.4970768159156576,0.011101643513121373,0.5709416663890992,0.17366142352668434,0.6391374765411305,30.325486894720648,0.023069824669332512,66.94239829040457,0.7502145088960482,1.958830481309395,41221.32887696203,603.9898326452842,3.1993428571428573,6.743122208436724,11.479096347031964
A_guariba,2,16685.264208955665,4339.416110580444,13.474545438640757,12064.822162067812,110.96084008941291,156.59055077935548,44.87857183905659,0.2910587071526475,48.94573429953174,2.2461306808556287,2.2844278791651886,10.454993178467205,0.06546224296892685,71.2779820498859,0.07280380292805884,0.23737710534526743,367,4,58,62,33,2.1995456314261785,0.02397324938884118,0.3476121161381971,0.3715853655270383,0.19777930745793973,26.00747615522505,0.0807571595504518,72.30824763081742,0.6650229729647055,0.9384960814423718,13233.100313924051,275.35303051771115,0.025675,16.251221212121212,4.746417741935484
A_guariba,3,43517.473612545975,12306.343181066486,68.80184564881725,30576.19351762838,352.48185908808006,213.65320911420548,44.15324464932928,0.6930720987872568,47.241233258968265,2.1783314799807107,1.2429778212360443,1.748970228097995,0.01806205841785751,69.32006905805193,0.12361954267806376,0.04480328776377643,858,36,157,159,93,1.9716218079181898,0.08272539054202195,0.3607746198638179,0.36537047489393026,0.21370725890022335,28.279084605496497,0.15810165420306446,70.26187638984021,0.8099777625566492,0.49095958790358146,29773.803972486774,171.83516188811188,1.3652416666666667,2.829496774193548,7.12922893081761
A_guariba,4,31800.74387430975,1434.018290318377,859.0022717133502,28350.34152301053,420.87538517815125,736.506404089343,11.72575689989611,10.386502855892894,25.218766510521142,3.9333680287116164,3.5435476468112053,1.498420687707044,0.24235381731337152,88.9062941372846,0.2529467656197838,0.6150329986389667,328,328,44,138,68,1.0314224135649073,1.0314224135649073,0.1383615432830973,0.4339521130242597,0.21383147598296853,4.509385994196348,2.7012018181351274,89.1499319483321,1.3234765414344778,2.3160036979019543,7127.978483448276,21.504946341463416,11.443974390243902,14.775011764705882,5.741307971014493
A_guariba,5,47194.289159170505,41174.33182467833,9.799669409920615,5618.272968575113,59.410495797643726,332.4742007094942,28.82274261470454,0.10154812430312815,29.66491505892515,0.5246653088994955,1.5550402768285692,86.73687671280284,0.006272616567927031,1.9118502704795526,0.024874169148676153,0.09733370536438496,116,9,796,163,66,0.24579245088059476,0.019070103947632353,1.6866447491461503,0.34538077149600815,0.1398474289493039,87.24430976343584,0.020764523811068785,11.904561057433375,0.12588492560460454,0.7044797297151151,108.10826796482412,55138.58629913793,0.2811222222222222,5.85740303030303,0.46545460122699384
A_guariba,6,48751.1095567817,44675.5699610413,11.126707975847308,3713.768466690834,41.75067488184907,308.8937461918711,12.408747982686062,0.13435055120157616,13.121133588325641,0.48693882703790775,1.109538942362285,88.5145463149475,0.004397187475134952,3.930038653371805,0.010260104108648221,0.3262294326790598,92,13,384,58,36,0.18871365356894118,0.02666605974343734,0.7876743801138415,0.11897165116302813,0.07384447313567263,91.64010905024938,0.022823496894748083,7.617813215851651,0.0856404608252474,0.6336137761789696,195.66655911458332,31541.19523152174,0.2121846153846154,23.36156111111111,0.8375862068965517
A_guariba,7,3520.531235513913,530.3050269222564,NA,2958.8876824578488,27.96988977414788,3.3686363596601465,27.09890219569563,NA,28.696158319755384,3.412319901400387,0.27225956660109474,2.774878218510786,NA,83.70157736024125,0.16237531895151935,0.09568545581071677,72,NA,13,74,1,2.045145893713104,NA,0.36926245303153266,2.1019555018718012,0.028404804079348665,15.063210392020412,NA,84.04662491301322,0.7944792391556482,0.09568545581071677,2395.3217625,20.02095,NA,0,0.961268918918919
A_guariba,8,95425.19959810874,46450.94340247194,1796.197738926691,47013.09735497644,9.697589520233898,155.26351221342904,43.97649008342187,5.156845713691908,47.13113235808783,0.062275892919536086,0.42521711832156367,27.63869410756636,0.16024663861815622,32.59221937315537,0.0014976321366182827,0.027064352183173244,1250,373,899,16,51,1.309926523878892,0.3908820747254614,0.9420991559736991,0.016767059505649815,0.053445002174258786,48.67785825767617,1.8823096482810928,49.26696255598738,0.01016250378419549,0.162707034271172,16447.69012583423,6739.78522664,13.669055495978553,5.19438431372549,0.058306250000000004
A_guariba,9,34044.255689843354,1885.823882071585,1065.9182081082326,30411.742815343114,292.66304373168964,388.1077405887283,5.884286273662681,9.72361883276221,18.041390641928455,2.4888560124008667,2.6455826165000156,3.3555618189777694,0.39399591011855867,88.92883486354069,0.15621907851732802,0.19429935293517958,198,345,40,66,72,0.5815959138712223,1.0133868196240994,0.11749412401438834,0.19386530462374077,0.21148942322589903,5.539330626735352,3.130978153316582,89.33002704599018,0.8596546988659874,1.1400094750919025,2071.8118851608187,20.246850000000002,9.94833536231884,9.634070833333332,1.3770787878787878
A_guariba,10,46341.922080286284,25714.332531631415,2345.081305771915,16613.91036606461,568.2787458857028,1100.3191309326373,34.352693391554155,5.176999913243424,36.81261291352146,2.416484844309256,3.2348493265332463,50.56027067450554,4.45286875766834,21.679512398205194,0.2823931608870053,0.6130266511299031,564,87,483,66,116,1.2170405858930136,0.18773498399413507,1.042252842174336,0.14241964303003352,0.2503133119921801,55.488273635007936,5.06038852188547,35.85071490405902,1.226273577736317,2.374349361311256,2583.338008534323,9939.815791666666,873.9434724137931,24.50714051724138,10.792313636363636
A_guariba,11,57102.57157171736,11935.793181503857,13.16830576958074,44595.64140741657,348.29658361092623,209.67209341642513,30.80372997658739,0.12365358238866954,33.8172964686479,2.8557822828586845,0.8387181900480346,1.4565840351382127,0.0035753167283706744,47.13572438598405,0.053272219252723046,0.11101358441590943,942,11,147,143,62,1.6496630082883486,0.019263580776190906,0.2574314885545512,0.2504265500904818,0.10857654619307602,20.902374189073473,0.023060792897990852,78.09743095616483,0.609949033860037,0.36718502800366826,20847.705614136124,100.05464309978768,0.31985454545454545,6.14908064516129,4.972959440559441
A_guariba,12,386509.1695162356,222848.0551777326,3965.803714327227,152896.99413082277,1479.3417613392583,5318.9747320137585,35.60098168586859,3.037280537581226,40.3729418108853,0.9449188641398633,3.063815307539138,30.80621391634138,0.07347464834114212,21.669686293359813,0.11924444186206205,0.053481726416539456,4305,929,4448,345,1531,1.1138157486375404,0.24035652276057495,1.150813577221784,0.08926049553541265,0.39610961931801963,57.656602418166344,1.0260568253247198,39.558439020267585,0.3827442860387604,1.3761574502025702,12663.99810631754,36007.4558085482,17.171135952637243,10.148929588504245,5.024459710144927
B_arachnoides,1,24612.686362133172,22388.467645750246,24.397093635114917,2070.588482404481,43.07771344777613,86.15542689555225,24.01501193903821,0.3829420822711498,23.71644692574206,0.7723747083096072,0.7165560319107617,90.78436577192342,0.02903215103354458,0.9970470154948736,0.010783370383887984,0.06387073227379807,39,9,448,113,27,0.15845486927425295,0.03656650829405837,1.8201995239709057,0.4591128263587329,0.1096995248821751,90.9631208732871,0.09912405852881648,8.412687879491688,0.1750223962307973,0.3500447924615946,32.99884732142857,20940.847325641025,0.5500222222222222,2.169374074074074,0.7146566371681415
B_arachnoides,2,13480.568152132195,13272.937656509504,2.2457575731067805,202.73066091773026,2.6540771318534677,NA,5.391918270731298,0.09717303257142122,5.290005090229564,0.12324384618814382,NA,98.43857669677948,0.009844084840866582,0.17265010336289086,0.014387508613574239,NA,5,2,81,2,NA,0.03709042485133804,0.014836169940535214,0.6008648825916761,0.014836169940535214,NA,98.4597793410521,0.016659220499928063,1.5038732687662335,0.019688169681733165,NA,5.131298765432099,22389.36334,1.5000000000000001e-4,NA,0.04435
B_arachnoides,3,9081.741545754201,6931.020349945695,2.449917352480142,2090.494060893368,0.8166391174933807,56.96057844516331,34.28683241891881,0.16886599180259623,35.34224486768504,0.04925258094242387,1.3368557684372204,73.13048658491351,0.016860184113210518,10.040801645553971,0.008992098193712276,0.35968392774849106,78,4,88,1,7,0.8588661063192856,0.04404441570868132,0.9689771455909889,0.01101110392717033,0.0770777274901923,76.31818539458452,0.02697629458113683,23.018647363629213,0.008992098193712276,0.6271988490114313,392.63198068181816,5971.877152564102,0.37217500000000003,13.467314285714286,0
B_arachnoides,4,39305.0448847358,29741.4862596605,986.2958941526308,7633.7383105487515,19.49725893015447,924.0271614437605,41.91733522038625,6.855756690300727,48.107350301799585,0.14956832238740028,5.931522002504673,71.1857407763309,0.13167394725770176,2.204954264729562,0.021556089984988647,0.255037112834444,314,219,989,10,339,0.7988796372598537,0.5571803839487515,2.5162164371018956,0.02544202666432655,0.86248470392067,75.66836864549842,2.5093366437947027,19.421777364547243,0.04960497815822689,2.350912368001413,117.60515235707122,23671.19866210191,9.59644109589041,8.175273746312683,0.4498
B_arachnoides,5,11340.871584409986,9520.889231186296,NA,1750.9763477955003,4.389435256526935,64.61657017166395,20.819394835915233,NA,22.261821108714773,0.22537910512492806,1.4198883622870466,80.08515004770564,NA,10.776971682658553,0.010801274550396946,0.35644206016309926,72,NA,61,6,14,0.6348718391184026,NA,0.5378775303642022,0.05290598659320021,0.12344730205080051,83.95200633674773,NA,15.4395218635799,0.03870456713892239,0.5697672325334389,487.1779557377049,7109.9357,NA,1.3399928571428572,0.18735
B_arachnoides,6,18005.055102714734,15072.70819157537,244.99173524801492,2657.9561676615886,25.51997242166822,3.879035808093569,24.821685282690105,3.4443016252288743,26.08335372964411,0.3584487008223764,0.0993719170596687,82.18865870667076,0.21203977730153872,9.686362554002109,0.08504269143109842,0.0124729280765611,81,45,217,5,4,0.4498736579139218,0.24992980995217876,1.2052170835471732,0.027769978883575415,0.022215983106860335,83.71375763966846,1.3606830628975748,14.762277329886272,0.1417378190518307,0.021544148495878265,416.6812637931034,15067.936501234568,11.68102888888889,0.002925,0.94028
B_arachnoides,7,15830.038893160703,12855.124668022014,48.69210738054268,2868.4449001954913,6.1247933812003374,51.652424181456176,25.035131198918624,1.2190599197151604,25.553837158135174,0.1513733344017169,1.073741518689512,78.78832822827664,0.045784297920361115,10.908915041109141,0.02708366919232629,0.07415766564565533,85,33,171,5,23,0.5369538291957315,0.20846442780540164,1.080224762264354,0.0315855193644548,0.14529338907649206,81.20715782685797,0.3075931001128486,18.12026438819926,0.038690955989037566,0.3262937288408834,471.61142472527473,10225.731165882353,1.3603666666666667,5.5076,0.05468
B_arachnoides,8,10953.070083490184,2231.7726282197027,26.744931097907976,8632.590031132762,24.4991735248012,37.4633195150085,42.53547856553795,1.4118208493841977,44.845730864530275,0.6534046906240912,1.1026204154281543,3.3569744359220492,0.057782458364010844,77.90846140224978,0.10158528970447067,0.06617023457814146,328,25,18,7,33,2.9945941868335346,0.2282465081427999,0.1643374858628159,0.06390902227998398,0.30128539074849586,20.37577237439305,0.24417748534469103,78.8143412333759,0.2236740323768162,0.3420348745095481,11336.95266111111,64.48606524390244,0.870984,1.9436060606060606,0.2595
B_arachnoides,9,41687.28327035353,28714.052169964045,1361.745728420208,11611.077052410537,0.40831955874668907,NA,38.545532067946354,8.294957420940955,42.600657237880625,0.007664194235370004,NA,66.54284377992012,0.3668161193401227,6.294398095886418,9.794822946331716e-4,NA,327,237,602,1,NA,0.784411874190301,0.5685186978076494,1.4440854686928477,0.0023988130709183516,NA,68.8796436643412,3.2665734526016266,27.852803400762525,9.794822946331716e-4,NA,728.6351264274062,22001.468533639145,17.752435443037974,NA,0
B_crinitus,1,73974.84613857883,26400.003150656838,1193.5180702165708,45750.879519000526,187.52075735441673,442.92464135047044,34.03610061853937,5.042897161627633,41.05322550591211,1.3574705189273428,1.6567791634124358,13.84742974791493,0.3838956995954053,57.91802129503392,0.05423113225772621,0.09852678990334991,933,328,387,111,113,1.2612395276256325,0.4433939604085824,0.5231508008479311,0.15005100489436785,0.1527546266041763,35.687810828563386,1.6134106828430912,61.846535555199836,0.25349259531155993,0.5987503380821222,37874.77715085158,2592.6369694533764,24.130860670731707,5.161570796460177,2.3761405405405407
B_crinitus,2,85691.37171703603,46209.52446336293,1501.7993370703266,37893.68832992784,22.151336062007946,64.20825061291704,41.85826761519084,5.29259178021515,45.15350721741286,0.1562237376477737,0.21923522132909531,37.790635341543435,0.0976825412708737,15.340566606389391,0.0025016260569370096,0.022276384411772415,1053,397,843,29,23,1.2288285026841932,0.4632905181060064,0.9837629893283714,0.033842380415803994,0.026840508605637647,53.925527783535486,1.75256774045987,44.22112468342518,0.025850135921682428,0.074929656657779925,4673.101768103448,10378.254284615385,11.094138287153653,3.145608695652174,0.27350344827586204
B_crinitus,3,23079.5484989289,18501.367526371316,134.54129460703467,3854.128315010016,14.189104666447511,575.3222582740875,35.27021611393049,1.6542863747604577,39.21143227204181,0.16335212738220417,6.23506764177498,73.01906737492979,0.12251595582348856,2.923133400857169,0.03671055716010668,0.0765171854060055,166,39,553,7,256,0.719251505321709,0.16898077534666656,2.3960607376078618,0.030329882754529896,1.1092071407370934,80.16347255332981,0.582945955867718,16.699322845023946,0.06147912584644371,2.492779519932063,79.57124938053097,9711.195153012048,2.5105410256410257,5.567501953125,0.0297
B_crinitus,4,46320.07698389346,30947.968475867176,215.38856723887847,14631.21266868042,10.207988968667225,515.2992831383216,47.71997571893142,1.2767540444291525,50.6825141418505,0.1076032582014845,2.9742644190051353,46.241760566639414,0.08506643335838311,16.96943117883124,0.004848345942705774,0.13663520383988997,610,72,638,11,154,1.3169235452957273,0.15544015616605306,1.377372494915859,0.02374780163648033,0.3324692229107246,66.81329240154001,0.4650004517776901,31.587194196089147,0.02203793610320806,1.1124750144899431,2469.4164091708544,6083.23247852459,5.594523611111112,7.701401948051948,0.4400818181818182
B_crinitus,5,72805.92932177683,24182.52170699329,253.3622862023206,46847.83001357357,1096.8484146832936,425.36690032436337,34.805048866637144,1.7123424031372068,39.16708973982624,1.8883160842386981,1.3783873624433536,6.978723404255319,0.05678432472221249,62.35255354200988,0.6330400644957762,0.11875635318447893,1049,129,317,88,111,1.4408167161273162,0.17718337119201508,0.4354040982005331,0.12086927647207228,0.15246011009545482,33.215044340846156,0.3479967752111886,64.3461740684917,1.5065372077535137,0.5842476076974307,30882.87381820331,1055.873643851287,5.63976511627907,12.595477477477477,17.643480681818183
B_hypoxanthus,1,4155.468149365077,1077.861555201578,NA,3072.6046795688517,5.001914594646967,NA,29.132297974111456,NA,29.83965384996742,0.7073558758559653,NA,11.169794634961185,NA,73.50152304215388,0.0540434312665815,NA,63,NA,15,5,NA,1.516074669219301,NA,0.3609701593379288,0.12032338644597629,NA,25.938390488356095,NA,73.9412400510956,0.12036946054829517,NA,4191.789046666667,129.26241587301587,NA,NA,0.7249
B_hypoxanthus,2,9431.569327710573,8883.094080424073,43.58811289620987,501.21225836157015,NA,3.67487602872027,13.435036309007709,1.7683028122294564,12.601698202094976,NA,0.14905234432585457,92.64021473255839,0.07684481676299326,2.4427993159728985,NA,0.020564105894322143,11,28,95,NA,2,0.11662958324105487,0.29687530279541235,1.007255491627292,NA,0.02120537877110088,94.18468731735827,0.4621512219408187,5.314197891637986,NA,0.03896356906292616,34.90880736842105,10221.847936363636,1.536282142857143,0.29510000000000003,NA
L_wiedii,1,95120.89944695243,86488.30941581963,19.80349859921442,7861.988943888125,110.24628086160605,640.5513077838684,19.88018746259435,0.10143809643508699,20.374950098517804,0.4537843320655713,1.2568919101327667,90.54428499680198,0.0038633739273771553,0.9485656151135188,0.015131547882227193,0.06095545529861733,175,15,1166,176,105,0.18397639321902645,0.01576940513305941,1.2258084256764847,0.18502768689456375,0.11038583593141588,90.92461269676379,0.020819292830865782,8.265259253853715,0.11590121782131466,0.6734075387303236,85.07686126820909,112620.45339885715,0.08644666666666667,10.057486666666668,0.8259818181818182
L_wiedii,2,63555.041398811874,26739.112544196007,45.119311241509166,34188.90289352935,1204.4406184130466,1377.4660314319565,38.382135250872516,0.38960255166242563,43.66464313844512,3.5189907892090058,3.0982200334135865,33.855390531014244,0.010600689687295715,16.899105526653507,0.22695112921437646,0.4469957484809694,1075,41,604,146,183,1.6914472500368736,0.06451101139675518,0.950357338625369,0.22972213814454281,0.2879393923318585,42.07237058726214,0.07099249760279858,53.794163517244584,1.8951142063697295,2.1673591915207338,3700.115500412655,6518.120814418605,0.6420024390243902,21.393642076502733,10.703195205479451
L_wiedii,3,39663.14113775667,1677.478827221092,15434.479320624907,17180.555833715443,1017.8385800658132,4352.788576129409,8.748081409660866,86.86619290732953,72.35291641028904,4.917775046591123,22.898062813169403,0.787286063569682,15.886758460944536,16.20743791017887,0.42877364560545617,0.964354651910951,281,1103,1130,211,617,0.70846632903844,2.780919433912453,2.8489927110798474,0.5319800549007503,1.5556004448993503,4.229314116587312,38.91391069360443,43.31617552438554,2.5662076952773134,10.974391970145412,1028.3202085120643,21.68998185053381,3777.2836799637353,57.04805024311183,12.67565355450237
L_wiedii,4,169990.78205830397,104468.55910534032,3017.277379358657,58019.96354033137,256.7309225619806,4228.251110711649,45.949893400176066,4.418540907340289,52.47198230338825,0.5061521401789696,5.970264661264378,49.39949749950759,0.07608366681238861,15.840775560989437,0.028523868773389575,0.11913969609769455,2098,569,2989,130,1423,1.2341845684787904,0.33472403215654517,1.7583306364075808,0.07647473493910523,0.8371042139872825,61.45542590039344,1.7749652909554718,34.13124102248762,0.15102637887384165,2.48734140728962,3803.229521455696,41394.81215934223,11.164348330404218,8.207945045678144,1.8357146153846153
L_wiedii,5,7041.674950366098,5217.507321665245,4.899834704960318,1254.8680839182748,5.410234153393684,558.9894759242229,45.70840520542654,0.31760853329162764,46.15305715203481,0.40381656375649794,12.29145023838599,45.416195529268506,0.060885448377837686,2.165782378011655,0.02319445652489055,1.1843669363022236,69,2,261,29,94,0.9798805040896227,0.028402333451873117,3.706504515469442,0.4118338350521602,1.3349096722380365,74.09469136876287,0.06958336957467165,17.820590878779974,0.07683163723869996,7.938302745643791,28.841336641221375,2491.203327536232,0.36924999999999997,16.990015957446808,0.18267586206896552
L_wiedii,6,104263.48060696009,44774.79161381671,2072.017600860078,57185.46044214298,154.75311276499548,76.45783737531768,37.97583381072809,5.422974073239745,41.89911668690419,0.8840639770185152,0.1829414884852872,30.329619117458446,0.1299208628233458,36.82664131561763,0.018014648650712603,0.018895799943410504,1435,412,864,103,16,1.3763208283919566,0.3951527395801297,0.8286698228088156,0.09878818489503242,0.015345737459422512,42.943887306624,1.9872898821313287,54.84706640258236,0.1484250399700017,0.07333136869230295,15479.542587669683,7403.082312404181,12.291208980582525,4.2991375,4.121103883495145
M_tridactyla,1,38168.487392964285,20937.197854074617,78.80567483811106,15280.542846977358,811.1268034502986,1060.8142136238991,30.192512066529616,0.9232953730178871,35.79087965922557,3.843855261013724,3.7392206992483237,48.691389325716486,0.018988628218706206,27.49740577896167,0.3642607272377162,0.7443007370797095,473,62,350,84,112,1.23924219246684,0.16243766582017774,0.9169868231784228,0.22007683756282148,0.2934357834170953,54.85467013275992,0.20646790119494637,40.03444697626154,2.1251216876878805,2.779293302095703,3582.3043393120392,5343.734789429175,1.4555193548387098,28.283784821428572,12.380527380952381
M_tridactyla,2,45009.983679655095,16560.216344089607,NA,27456.53000891416,351.3589803015289,641.8783463498006,54.17224574252178,NA,58.17646030085248,2.4617294962401797,3.9658831301885487,20.113895888000112,NA,40.331209786609634,0.2549163243968984,0.23994792812448265,1098,NA,384,72,327,2.439458782777354,NA,0.8531440551789653,0.15996451034605602,0.7265054844883377,36.79231803759789,NA,61.00097748163537,0.7806245449947724,1.4260799357719722,12325.177588292683,1984.4948637522768,NA,5.779431498470948,22.775536111111112
M_tridactyla,3,33556.72213670007,9791.094699186942,2.2457575731068093,23597.91017875792,124.12914585899456,41.34235532310263,47.58588235536067,0.039988936531846334,48.79507162668078,1.3310603159885994,0.4189317160479139,4.245125178718097,0.0039546132084081155,68.09387643354728,0.09095610379338666,0.03498311684361026,706,2,125,62,18,2.1039003664421294,0.005960057695303484,0.37250360595646775,0.18476178855440797,0.053640519257731355,29.177744653667144,0.006692422352690658,70.32245307699327,0.3699084354941745,0.12320141149271438,16240.170410970464,216.87013158640227,0.00115,0.4923444444444445,5.90845
M_tridactyla,4,14097.641085288276,3831.874899058328,51.346184512396476,10021.897329768488,102.99860869385297,89.52406325521216,44.642219608175,1.56150316326696,49.27686978071627,2.6561418103757304,1.3643322268312195,3.8985112668713433,0.055755083125760295,70.02910849794358,0.2606731159126456,0.13830156983143138,297,26,51,86,18,2.106735433277111,0.18442801772796258,0.36176265015869585,0.6100311355617224,0.12768093535012795,27.180965069802465,0.36421827028905746,71.08917916932167,0.7306088165440536,0.6350286740427503,10575.888233333333,142.9013845117845,1.6007269230769232,5.748383333333334,2.159838372093023
Mazama,1,50668.68028454607,13701.571113303997,5.614393932767015,36618.302188182715,225.59655620754734,117.5960329190473,46.59566955396811,0.056750933890752114,48.439444339485426,1.6697385882523514,0.7226285582089107,3.0528061116561873,0.0026190509768052816,70.76675739327871,0.10758255550877081,0.05500007051291091,1082,6,162,111,37,2.135441448097099,0.011841634647488535,0.3197241354821905,0.2190702409785379,0.07302341365951263,27.041499870054775,0.011080600286483883,72.27009265396494,0.4452386660568978,0.23208820963689877,32058.6012375,209.76072754158966,1.1916166666666665,2.6432972972972975,7.750991891891892
Mazama,2,1907.362738795511,221.71752039945682,NA,1622.5598465696899,58.38969690077776,4.6956749255870225,32.59715050842588,NA,36.01432353191964,7.889649480713549,0.8207915595646808,2.997056462402997,NA,75.9058067968959,1.4503612523414502,0.1337971635001338,69,NA,8,9,3,3.6175604459785715,NA,0.41942729808447204,0.4718557103450311,0.15728523678167702,11.624297564891624,NA,85.06823655338506,3.061279100883061,0.24618678084024617,1431.843175,6.920439130434783,NA,2.1653333333333333,5.578833333333334
Mazama,3,12207.734007629118,3353.630615876239,42.158994440595585,8645.145857564261,86.35958667492461,80.43895307309762,44.72775504471364,1.504883507940921,49.19006179434715,2.669532483651721,1.3400006192447855,4.502048666276444,0.06438665440254202,69.98829333556317,0.205702817961368,0.15971235053098085,266,19,44,79,16,2.1789465582536907,0.15563903987526362,0.36042725023745253,0.6471307447445172,0.13106445463180094,27.471360481645625,0.34534660088636177,70.81695793962706,0.707417008111046,0.6589179697299105,9830.0066,162.2164067669173,1.3268473684210527,6.37946875,2.1775202531645568
Mazama,4,34899.78724530747,10282.71144791791,0.9187190071800541,24246.62787771661,84.72630843993831,284.8028922258168,55.67563369666847,0.01007024419007092,57.599965813716565,0.7259730584296583,2.0799631636219216,7.230166692503665,0.002632448733060924,68.42991982731135,0.1790065138481428,0.1433222087999836,1069,1,137,22,88,3.0630559220493105,0.0028653469804015997,0.39255253631501924,0.0630376335688352,0.2521505342753408,29.46353619763255,0.002632448733060924,69.47500197433655,0.24277027204895182,0.8160591072488864,18020.12736966292,229.24608288119737,0,5.016856818181818,0.4515545454545455
Mazama,5,6126.528739325025,1157.2797093778065,NA,4558.275394068675,51.958663850516324,359.0149720280273,35.848017978805544,NA,46.65874554209677,1.6688050266537344,10.52911671504341,4.3304397087491875,NA,67.60584501058034,0.8097705650065815,0.8214339270540013,153,NA,46,9,96,2.497335873378379,NA,0.7508330076823884,0.14690211019872815,1.5669558421197671,18.889647933085627,NA,74.40225269506972,0.8480930403052469,5.860006331539397,2453.730891836735,47.37287385620915,NA,7.226360416666667,12.438755555555556
Mazama,6,6865.791300435915,742.0187181324235,NA,5143.907721201122,711.2926713367351,268.57218976563576,27.748806426952616,NA,43.63119387206234,17.022494366894627,4.081117430225968,1.4466465454437325,NA,50.660878098098394,2.100834089118185,3.1386134197653845,180,NA,46,51,34,2.6216934381412322,NA,0.6699883230805371,0.7428131408066825,0.49520876053778834,10.807475579476352,NA,74.92082843931667,10.359951828008148,3.9117441531988284,1689.4157961538463,13.140421111111111,NA,4.265420588235294,18.845731372549018
Mazama,7,35729.79882834954,20104.32803412098,31.95100547192832,14483.707228083136,256.9350823413533,852.877478332144,38.028963121135604,0.4721428829937828,42.077946026809556,1.5568196198715454,3.5526963525270823,49.9322891965556,0.018856173111097146,30.05959693501477,0.25198704066648003,0.7951019661845962,437,26,421,55,100,1.2230687390640038,0.07276839179785835,1.1782881902653217,0.15393313649546958,0.27987842999176293,56.267677662291646,0.08942397248141525,40.53677239456256,0.7191058745550228,2.3870200961093424,3305.572170893971,8840.859664988559,0.9267115384615384,26.437531,5.240943636363636
Mazama,8,36287.155026039036,34664.391019689996,7.043512388380416,1516.0905216264628,21.130537165141245,78.4994351690513,11.450581242520867,0.08540610384656086,11.547433525233462,0.22452120083374252,0.4983490183211697,95.42137628770277,0.010127208997462573,0.4984837317639911,0.024755399771575176,0.05401178131980038,31,5,337,17,21,0.08542967884298161,0.01377898045854542,0.9287032829059614,0.046848533559054426,0.05787171792589076,95.52799329353716,0.019410483911803268,4.178036334175393,0.05823145173540979,0.2163284366402422,25.97557596439169,48573.82150967742,3.9999999999999996e-4,5.395838095238095,0.07641176470588236
Mazama,9,44375.148845693526,39396.30430611575,13.984944887074173,4616.869250748837,41.03611565404246,306.9542282878251,26.349705112354552,0.15263921861953617,27.11434119808072,0.42551782171766916,1.5645519908502459,88.42262657863863,0.0066711140760507,2.0333095626969704,0.00828138299095949,0.10351728738699363,83,11,724,117,64,0.18704162613317046,0.024788649246564758,1.6315438231375352,0.26366108744073424,0.1442248683436495,88.78010627774839,0.03151526304892917,10.404177497642104,0.09247544339904763,0.691725518161533,87.70381546961326,50850.60459759036,0.5691545454545455,6.035175,0.5434264957264957
Mazama,10,61530.5930265458,27273.29660692637,259.1808399144611,33057.449396242286,699.5534840227656,241.11269943992008,37.55133679924074,2.005354997630849,41.4389838389254,1.7332664376208633,0.9434826594239389,24.47853157677319,0.06718991852600249,49.22167530181545,0.6473458323171896,0.14051817528771385,757,121,453,77,57,1.2302823079787508,0.1966501443400645,0.7362191354218944,0.12514100094367742,0.09263684485441055,44.32477449902036,0.42122272379634657,53.72522475442499,1.1369197818733214,0.3918582408849825,15687.625556725146,5012.4245184940555,5.784432231404959,13.415952631578948,7.061337662337662
P_concolor,1,31890.472097344213,11453.159463065253,0.9187190071800502,19952.12691859821,308.07710707437684,176.18988959919628,49.18956128078805,0.022041027092291686,51.37162296292493,3.2610701447913377,1.5298476531786092,13.548992180072789,0.00288085734314532,41.77851328555378,0.37227078778644523,0.07554248144247727,726,1,146,62,66,2.2765420272986803,0.0031357328199706344,0.45781699171571255,0.1944154348381793,0.20695836611806184,35.914048020690956,0.00288085734314532,62.56453920686796,0.9660474957347306,0.5524844193632025,9366.09891117647,764.974685261708,0,2.4846257575757575,28.17662741935484
P_concolor,2,149448.12297786918,103559.1293681223,2712.7730684233275,40280.11199102294,159.55086758026948,2736.5576827203226,39.8771089490853,4.712702595179471,44.83930001861491,0.3065693849341028,4.774486801766608,60.705203646644094,0.09111828916190982,13.769995307476412,0.03244466817984046,0.06707508242653332,1549,461,2744,64,1047,1.0364800635397622,0.3084682435712268,1.83608863418535,0.04282422470403149,0.7005775510175152,69.294366034599,1.815193803956337,26.952571359486242,0.10676003445282241,1.8311087675056064,2262.5310634904013,51000.56880012911,16.77683535791757,6.598475262655206,0.47385625
P_concolor,3,31692.641271131648,25107.67174722375,129.1310604536412,6447.3658326102595,5.3081542637069905,3.16447658028686,29.52981230886538,1.3367653667061141,30.949243407147588,0.07056830744300753,0.07661701950955103,64.92435637696518,0.21322579710051567,10.373982587633549,0.010951173869210774,0.004831400236416519,129,28,364,4,3,0.40703455069080713,0.08834858464606667,1.1485316003988668,0.012621226378009524,0.009465919783507144,79.22240223661622,0.40744808660445975,20.343415928804486,0.016748854152910598,0.009984893821927472,694.2798338753388,18835.14268604651,15.075457142857143,2.0747999999999998,0.0013
P_concolor,4,32096.46931473219,22846.908430333053,10.412148748040657,9074.289713807118,18.782699702347852,146.07632214162922,35.64950771962844,0.15926957348282886,36.919682568154,0.30858479862298094,1.2204031068121763,66.1986165222231,0.014629879939572236,19.93098513158941,0.011767512125308102,0.12594418382762188,317,5,209,18,54,0.9876475723592997,0.015578037418916398,0.6511619641107055,0.05608093470809904,0.1682428041242971,71.18199888685696,0.032440168561660175,28.271924942355092,0.058519519758288945,0.4551164824679972,4222.992188571428,13169.178080757098,0.55256,2.783198148148148,0.22031666666666666
P_concolor,5,71327.91459900384,25441.575066388825,1143.3968443804215,44099.83938320856,195.68714852935167,447.41615649668665,33.95939778535633,5.036081849008907,41.143753987104425,1.4472632263762142,1.760814528902785,10.083778654904645,0.3981418140497405,58.663520077395795,0.06754958167917956,0.11105609191322742,914,315,363,109,110,1.2814057513645083,0.4416223322536325,0.5089171638351385,0.15281534671633634,0.1542173223742844,35.668468942934915,1.603014543195954,61.8269013346767,0.2743486188114136,0.6272665603810255,37945.8603375,1772.7337379649891,24.388155873015872,5.778065454545454,2.4431917431192662
P_concolor,6,60189.671595621905,33389.51527739316,1401.6589652877033,25390.33096176611,3.3686363596602003,4.797754815273619,42.65677815923556,6.04127416911722,45.624598551075856,0.03503418813476289,0.04352732465228118,38.14508346717365,0.25405633673827616,26.389635586882008,0.0015263731846758915,0.0025439553077931526,675,248,676,6,5,1.121454864440726,0.4120308242685927,1.1231162790547125,0.009968487683917567,0.008307073069931305,55.473828635778524,2.3287366887538514,42.18386691382606,0.005596701677144935,0.007971059964418544,6277.958285131195,8135.340969777778,17.823254838709676,1.14948,0.0021666666666666666
P_concolor,7,50912.344981227994,45013.45439590424,41.95483466122247,5478.015200145602,77.98903572061792,300.93151479631103,26.29426395255622,0.31879441737228065,26.949424133140198,0.6708488822263151,1.27831540981759,87.97834586466166,0.015037593984962405,1.7722305764411028,0.023057644110275687,0.09022556390977443,114,16,828,236,62,0.22391425899167128,0.031426562665497725,1.626324617939507,0.4635417993160914,0.12177793032880369,88.41363408521303,0.082406015037594,10.759699248120299,0.1531829573934837,0.591077694235589,103.39900555555556,64829.3593877193,0.51358125,5.531467741935484,0.47282203389830507
P_concolor,8,29486.082375664584,28828.279566523663,2.2457575731068085,645.8594620475807,4.797754815273636,4.899834704960309,7.195922904573645,0.04442596583157949,7.128742175755159,0.11269025479229924,0.07043140924518702,97.72652525679152,0.004500559107919945,0.1364015606554199,0.0065777402346522285,0.0065777402346522285,17,2,203,5,3,0.05765431902215133,0.00678286106142957,0.6884603977351013,0.016957152653573924,0.010174291592144353,97.76910746988953,0.007616330798018369,2.190387498139192,0.01627125215940288,0.01661744901385826,9.222983743842365,38096.8664,1.5000000000000001e-4,0.9287333333333334,0.06764
P_concolor,9,51846.37597186097,42381.63068000238,88.8095040274051,8711.29362608126,37.973718963442174,626.6684427864826,26.541567189844507,0.8461010390447298,28.38166748306196,0.4221261556778148,2.2800974832232335,78.61626304390629,0.03642449301043512,3.7895254971451076,0.00846623351053357,0.19236070092537902,261,52,637,67,114,0.5034103061352925,0.10029630620320001,1.2286297509892001,0.12922793299258464,0.21988036359932311,81.74463477062413,0.17129356172474897,16.802126402835206,0.07324276432368576,1.208702500492223,399.85091755485894,33554.90715440613,2.0554826923076925,11.30438596491228,0.4506223880597015
P_concolor,10,31357.308833510746,9875.004368509304,26.234531649474782,21309.27905198253,87.07414590273147,59.71673546670329,47.15874050385931,0.40552196699801235,48.10020356292002,0.9047826801362687,0.6500578264943013,6.526707120162508,0.01692796499817699,66.31953487160789,0.05403927287879577,0.03743684566904526,583,21,125,38,26,1.8592156715214125,0.06697003276492224,0.39863114741025146,0.12118386881271645,0.0829152786613323,31.49187457680088,0.0836632116256055,67.95633887181624,0.2776837335277879,0.19043960622949113,19179.251278723405,257.5359469982847,0.8096333333333333,1.674346153846154,1.7335105263157895
P_concolor,11,74847.32295573037,31043.82149228274,2807.2990462731536,37807.737062811284,1060.2017342857705,2128.2636200774145,35.36816646884701,3.3978710408789117,39.74313886808922,2.787876352761328,4.106472288097378,31.37367485744446,3.363778823086564,18.72977252486624,0.19271081239950194,0.3795571060918711,1167,101,651,123,287,1.5591740010397444,0.13494136598544487,0.8697705866982635,0.16433453481395763,0.38344724789923446,41.4761948274945,3.750700673601346,50.51314538687413,1.41648584400653,2.843473268023507,3851.7307461084906,4569.035964267352,871.0052148514851,21.28983205574913,9.97328699186992
P_concolor,12,28586.350227966104,8020.519012571553,0.9187190071800534,20431.085761008148,72.06840211879086,61.75833326043693,47.82373847482016,0.015647300442811995,49.083346160466526,0.9600736485982502,0.6817752335796652,4.983234478054842,0.0032138380725541802,69.40676120111841,0.034638032559750606,0.09748642153414347,642,1,84,52,21,2.2458270988785745,0.0034981730512127327,0.2938465363018696,0.18190499866306212,0.0734616340754674,28.057163466517167,0.0032138380725541802,71.47147361617489,0.2521077421359168,0.21604133709947543,14032.39013655914,185.70466043613706,0,1.4560142857142857,3.1993653846153847
T_pecari,1,18912.953641587985,18483.401465786465,2.245757573106801,424.6523410965587,2.6540771318534917,NA,7.461706067306659,0.06926193089417547,7.389065505637158,0.08784440015846644,NA,97.68129709190612,0.007016559079427449,0.18620868326172843,0.010254970962240116,NA,9,2,128,2,NA,0.0475864329313945,0.010574762873643222,0.6767848239131662,0.010574762873643222,NA,97.7287937995207,0.011874176903646451,2.2452989054167833,0.014033118158854897,NA,10.46348515625,24531.126555555555,1.5000000000000001e-4,NA,0.04435
T_pecari,2,26795.868962861976,8109.63475626805,2.245757573106806,18593.44358686874,75.74327814751136,14.801584004567585,49.509777439076466,0.050078526417677224,50.579311681854,1.0659572051762727,0.2635084366263492,5.316210728421823,0.004952399818665976,67.25435144514836,0.03771442938830243,0.013333384127177628,557,2,86,48,9,2.078678623081715,0.007463837066720701,0.32094499386899017,0.1791320896012968,0.033587266800243154,30.264496245699984,0.00838098430851165,69.3892167208256,0.28266774349616564,0.055238305669735886,12388.871563265306,235.13844649910234,0.00115,0.03262222222222222,3.663133333333333
T_pecari,3,26548.32523037172,18060.892802373317,1014.4699437061535,7472.962484292249,NA,NA,40.317234766691016,9.482089869757875,45.24060444014951,NA,NA,62.642171074386525,0.5759899105639165,8.907080292532124,NA,NA,239,167,409,NA,NA,0.9002451112305196,0.6290415630773925,1.5405868221476258,NA,NA,68.03025292801279,3.821220114275168,28.148526957712033,NA,NA,895.7223828162291,11900.742117991631,20.57089520958084,NA,NA
T_pecari,4,34900.60388442473,21048.26077405365,23.274214848561222,12585.021279911049,394.2325339699274,849.8150816415447,31.60975685872698,0.3670975846491216,36.11562796008104,2.280399210376464,3.594077599332797,55.42140130741894,0.00643472411120373,25.009140233112504,0.2942423843577706,0.8139926000672719,394,27,336,48,92,1.1289202940578122,0.07736255822223587,0.962734057876713,0.13753343683953043,0.2636057539424333,60.309159244797385,0.06668714078883868,36.05960894426652,1.1295865689758553,2.4349581011714125,2878.5274236702126,7510.134436548224,0.2949555555555556,29.439415217391304,8.242872916666666
T_pecari,5,22970.016777294986,20086.668213205245,7.962231395560434,2661.528963800605,4.695674925586923,209.16169396799143,26.618442504761667,0.1655220075281726,28.34320964203002,0.10014776926074306,2.098930330756407,86.9420495955915,0.012887743311705625,3.9280952804195177,0.01244333836992267,0.1999822238023287,67,6,337,12,39,0.29168459322253093,0.026121008348286352,1.467129968895417,0.052242016696572705,0.1697865542638613,87.44733801439871,0.0346635854590703,11.586970047106922,0.020442627322015818,0.9105857257132699,153.96802344213648,25933.33385970149,0.12981666666666666,7.260802564102564,0.29073333333333334
T_pecari,6,50357.54078078096,33245.276393265885,15.31198345300091,16406.892349780162,112.38995854502667,577.670095736881,39.050498672885176,0.15734656405263323,42.25326260569845,0.8248005373726743,2.9286763696248186,57.640655564902744,0.009324670849254531,15.292460192777432,0.03324447867995094,0.12122072104030891,656,12,362,55,166,1.3026847416074843,0.023829598931844227,0.7188595677773008,0.10921899510428602,0.3296427852238451,66.01846690248624,0.03040653537800391,32.58080536776705,0.22318396967454876,1.147137224694161,5013.828440054496,13316.759923018293,0.42843333333333333,6.884207831325301,2.8237418181818184
T_pecari,7,26938.882888312775,8805.309204482652,NA,17322.446880379826,233.25254793404582,577.874255516251,53.78819339833614,NA,59.32570166647936,2.7349526807321207,5.886196944697968,12.820386510041681,NA,49.30049261083744,0.32929139825691545,0.400909435392194,741,NA,222,48,297,2.7506708539925278,NA,0.8240876242730651,0.17818110795093298,1.102495605446398,32.68624478969306,NA,64.30276619931792,0.8658582796513831,2.1451307313376278,12533.282509734514,530.4679489878542,NA,5.854522222222222,27.703591666666668
