N_UA,LOCOMOTION,DIET,ORDER,GENUS,SPECIES,UA_ID,UA_Area_ha,UA_Area_km2,CA_Forest_ha,PLAND_Forest,NP_Forest,PD_Forest,Mean_FRAC_Forest,Mean_ENN_Forest_m,Mean_PROX_Forest_m,Mean_AREA_Forest_ha,Mean_Elevation_m,Mean_Pop_Density
1,Ar,Fr/Fo,Primatas,Alouatta,A_guariba,1,126805,1268.05,38242.83,30.33,3149,2.5,1.09,124.42,603.99,12.14,505.81,261.96
2,Ar,Fr/Fo,Primatas,Alouatta,A_guariba,2,16834,168.34,4339.43,26.01,367,2.2,1.09,126.13,275.35,11.82,490.1,132.26
3,Ar,Fr/Fo,Primatas,Alouatta,A_guariba,3,43767,437.67,12306.39,28.28,858,1.97,1.09,132.29,171.84,14.34,435.91,92.13
4,Ar,Fr/Fo,Primatas,Alouatta,A_guariba,4,31824,318.24,1434.02,4.51,328,1.03,1.08,220.89,21.5,4.37,16.47,119.91
5,Ar,Fr/Fo,Primatas,Alouatta,A_guariba,5,47761,477.61,41174.48,87.24,116,0.25,1.06,91.31,55138.59,354.95,521,48.95
6,Ar,Fr/Fo,Primatas,Alouatta,A_guariba,6,49372,493.72,44675.73,91.64,92,0.19,1.08,97.66,31541.2,485.61,689.97,91.78
7,Ar,Fr/Fo,Primatas,Alouatta,A_guariba,7,3624,36.24,530.31,15.06,72,2.05,1.07,187.67,20.02,7.37,642.25,56.25
8,Ar,Fr/Fo,Primatas,Alouatta,A_guariba,8,95561,955.61,46451.11,48.68,1250,1.31,1.08,120.11,6739.79,37.16,440.53,50
9,Ar,Fr/Fo,Primatas,Alouatta,A_guariba,9,34057,340.57,1885.83,5.54,198,0.58,1.07,357.47,20.25,9.52,29.94,40.3
10,Ar,Fr/Fo,Primatas,Alouatta,A_guariba,10,46748,467.48,25714.42,55.49,564,1.22,1.08,125.83,9939.82,45.59,989.7,123.07
11,Ar,Fr/Fo,Primatas,Alouatta,A_guariba,11,57243,572.43,11935.84,20.9,942,1.65,1.08,169.32,100.05,12.67,312.98,61.41
12,Ar,Fr/Fo,Primatas,Alouatta,A_guariba,12,387619,3876.19,222848.84,57.66,4305,1.11,1.08,124.51,36007.46,51.77,448.89,424.4
13,Ar,Fr/Fo,Primatas,Brachyteles,B_arachnoides,1,24900,249,22388.55,90.96,39,0.16,1.06,116.95,20940.85,574.07,291.06,48.95
14,Ar,Fr/Fo,Primatas,Brachyteles,B_arachnoides,2,13630,136.3,13272.98,98.46,5,0.04,1.06,70.29,22389.36,2654.6,817.42,127.4
15,Ar,Fr/Fo,Primatas,Brachyteles,B_arachnoides,3,9200,92,6931.04,76.32,78,0.86,1.07,98.67,5971.88,88.86,781.18,113.2
16,Ar,Fr/Fo,Primatas,Brachyteles,B_arachnoides,4,39439,394.39,29741.59,75.67,314,0.8,1.08,101.94,23671.2,94.72,883.37,270.73
18,Ar,Fr/Fo,Primatas,Brachyteles,B_arachnoides,5,11400,114,9520.92,83.95,72,0.63,1.08,99.37,7109.94,132.24,728.41,158.74
17,Ar,Fr/Fo,Primatas,Brachyteles,B_arachnoides,6,18100,181,15072.76,83.71,81,0.45,1.07,104.35,15067.94,186.08,476.93,1110.43
19,Ar,Fr/Fo,Primatas,Brachyteles,B_arachnoides,7,15949,159.49,12855.17,81.21,85,0.54,1.08,110.96,10225.73,151.24,1001.72,123.07
20,Ar,Fr/Fo,Primatas,Brachyteles,B_arachnoides,8,11024,110.24,2231.78,20.38,328,2.99,1.08,139.2,64.49,6.8,518.17,219.2
21,Ar,Fr/Fo,Primatas,Brachyteles,B_arachnoides,9,41745,417.45,28714.15,68.88,327,0.78,1.08,105.27,22001.47,87.81,710.18,56.73
22,Ar,Fo,Pilosa,Bradypus,B_crinitus,1,74100,741,26400.1,35.69,933,1.26,1.08,145.21,2592.64,28.3,302.37,65.12
23,Ar,Fo,Pilosa,Bradypus,B_crinitus,2,85798,857.98,46209.69,53.93,1053,1.23,1.08,113.4,10378.25,43.88,1189.43,123.07
24,Ar,Fo,Pilosa,Bradypus,B_crinitus,3,23200,232,18501.43,80.16,166,0.72,1.08,107.73,9711.2,111.45,161.9,329.43
25,Ar,Fo,Pilosa,Bradypus,B_crinitus,4,46443,464.43,30948.08,66.81,610,1.32,1.09,96.61,6083.23,50.73,422.3,50
26,Ar,Fo,Pilosa,Bradypus,B_crinitus,5,73000,730,24182.61,33.22,1049,1.44,1.08,144.39,1055.87,23.05,702.01,192.47
27,Ar,Fr/Fo,Primatas,Brachyteles,B_hypoxantus,1,4200,42,1077.87,25.94,63,1.52,1.07,160.6,129.26,17.11,754.87,107.15
28,Ar,Fr/Fo,Primatas,Brachyteles,B_hypoxantus,2,9500,95,8883.13,94.18,11,0.12,1.08,110.21,10221.85,807.56,67.36,215.72
29,Sc,Ca,Carnivora,Leopardus,L_wiedii,1,96149,961.49,86488.61,90.92,175,0.18,1.06,90.73,112620.45,494.22,658.05,127.4
30,Sc,Ca,Carnivora,Leopardus,L_wiedii,2,64100,641,26739.21,42.07,1075,1.69,1.08,127.02,6518.12,24.87,660.18,123.07
31,Sc,Ca,Carnivora,Leopardus,L_wiedii,3,39733,397.33,1677.48,4.23,281,0.71,1.08,274.78,21.69,5.97,4.3,80.35
32,Sc,Ca,Carnivora,Leopardus,L_wiedii,4,170600,1706,104468.93,61.46,2098,1.23,1.08,105.41,41394.81,49.79,608.58,410.27
33,Sc,Ca,Carnivora,Leopardus,L_wiedii,5,7121,71.21,5217.53,74.09,69,0.98,1.08,96.64,2491.2,75.62,200.82,158.99
34,Sc,Ca,Carnivora,Leopardus,L_wiedii,6,104409,1044.09,44774.95,42.94,1435,1.38,1.09,139.14,7403.08,31.2,441.67,48.52
35,Te,Myr,Pilosa,Myrmecophaga,M_tridactyla,1,38500,385,20937.27,54.85,473,1.24,1.09,130.54,5343.73,44.26,536.73,51.91
36,Te,Myr,Pilosa,Myrmecophaga,M_tridactyla,2,45241,452.41,16560.27,36.79,1098,2.44,1.09,114.53,1984.49,15.08,352.14,41.04
37,Te,Myr,Pilosa,Myrmecophaga,M_tridactyla,3,33800,338,9791.13,29.18,706,2.1,1.09,131.28,216.87,13.87,483.58,32.79
38,Te,Myr,Pilosa,Myrmecophaga,M_tridactyla,4,14219,142.19,3831.89,27.18,297,2.11,1.09,130.41,142.9,12.9,494.16,449.83
39,Te,Hb/Fr,Artiodactyla,Mazama,Mazama,1,51000,510,13701.62,27.04,1082,2.14,1.09,132.77,209.76,12.66,445.24,550.28
40,Te,Hb/Fr,Artiodactyla,Mazama,Mazama,2,1910,19.1,221.72,11.62,69,3.62,1.07,213.22,6.92,3.21,478.04,123.07
41,Te,Hb/Fr,Artiodactyla,Mazama,Mazama,3,12310,123.1,3353.64,27.47,266,2.18,1.09,130.28,162.22,12.61,746.38,123.07
42,Te,Hb/Fr,Artiodactyla,Mazama,Mazama,4,35100,351,10282.75,29.46,1069,3.06,1.09,112.94,229.25,9.62,715.35,127.4
43,Te,Hb/Fr,Artiodactyla,Mazama,Mazama,5,6200,62,1157.28,18.89,153,2.5,1.08,139.11,47.37,7.56,509.1,48.95
44,Te,Hb/Fr,Artiodactyla,Mazama,Mazama,6,6910,69.1,742.02,10.81,180,2.62,1.08,140.77,13.14,4.12,148.74,211.4
45,Te,Hb/Fr,Artiodactyla,Mazama,Mazama,7,36000,360,20104.4,56.27,437,1.22,1.09,121.23,8840.86,46.01,830.35,123.07
46,Te,Hb/Fr,Artiodactyla,Mazama,Mazama,8,36700,367,34664.51,95.53,31,0.09,1.06,85.43,48573.82,1118.21,489.1,116.97
47,Te,Hb/Fr,Artiodactyla,Mazama,Mazama,9,44330,443.3,39396.44,88.78,83,0.19,1.06,96.42,50850.6,474.66,544.54,51.91
48,Te,Hb/Fr,Artiodactyla,Mazama,Mazama,10,61700,617,27273.39,44.32,757,1.23,1.08,133.86,5012.42,36.03,509.77,32.79
49,Te,Ca,Carnivora,Puma,P_concolor,1,32100,321,11453.2,35.91,726,2.28,1.09,117.8,764.97,15.78,598.42,114.55
50,Te,Ca,Carnivora,Puma,P_concolor,2,150000,1500,103559.49,69.29,1549,1.04,1.08,105.49,51000.57,66.86,651.45,422.3
51,Te,Ca,Carnivora,Puma,P_concolor,3,31800,318,25107.76,79.22,129,0.41,1.08,111.02,18835.14,194.63,361.54,95.15
52,Te,Ca,Carnivora,Puma,P_concolor,4,32236,322.36,22846.99,71.18,317,0.99,1.08,99.38,13169.18,72.07,598.09,697.78
53,Te,Ca,Carnivora,Puma,P_concolor,5,71446,714.46,25441.66,35.67,914,1.28,1.08,145.23,1772.73,27.84,147.38,329.43
54,Te,Ca,Carnivora,Puma,P_concolor,6,60300,603,33389.63,55.47,675,1.12,1.08,119.38,8135.34,49.47,501.84,58.14
55,Te,Ca,Carnivora,Puma,P_concolor,7,51538,515.38,45013.61,88.41,114,0.22,1.06,88.08,64829.36,394.86,506.16,48.95
56,Te,Ca,Carnivora,Puma,P_concolor,8,29822,298.22,28828.38,97.77,17,0.06,1.06,85.89,38096.87,1695.79,831.01,127.4
57,Te,Ca,Carnivora,Puma,P_concolor,9,52339,523.39,42381.78,81.74,261,0.5,1.08,98.79,33554.91,162.38,505.17,112.84
58,Te,Ca,Carnivora,Puma,P_concolor,10,31539,315.39,9875.04,31.49,583,1.86,1.08,123.14,257.54,16.94,565.12,129.04
59,Te,Ca,Carnivora,Puma,P_concolor,11,755500,7555,31043.93,41.48,1167,1.56,1.09,140.29,4569.04,26.6,789.71,201
60,Te,Ca,Carnivora,Puma,P_concolor,12,28800,288,8020.55,28.06,642,2.25,1.09,129.26,185.7,12.49,556.26,46.18
61,Te,Fr/On,Artiodactyla,Tayassu,T_pecari,1,19122,191.22,18483.47,97.73,9,0.05,1.06,72.91,24531.13,2053.72,851.73,127.4
62,Te,Fr/On,Artiodactyla,Tayassu,T_pecari,2,27000,270,8109.66,30.26,557,2.08,1.09,125.73,235.14,14.56,556.25,51.91
63,Te,Fr/On,Artiodactyla,Tayassu,T_pecari,3,26600,266,18060.96,68.03,239,0.9,1.08,102.75,11900.74,75.57,752.31,56.73
64,Te,Fr/On,Artiodactyla,Tayassu,T_pecari,4,35170,351.7,21048.34,60.31,394,1.13,1.09,123.86,7510.13,53.42,860.41,123.07
65,Te,Fr/On,Artiodactyla,Tayassu,T_pecari,5,23196,231.96,20086.74,87.45,67,0.29,1.07,93.13,25933.33,299.8,715.94,48.95
66,Te,Fr/On,Artiodactyla,Tayassu,T_pecari,6,50600,506,33245.39,66.02,656,1.3,1.08,104.5,13316.76,50.68,450.87,920.82
67,Te,Fr/On,Artiodactyla,Tayassu,T_pecari,7,27100,271,8805.34,32.69,741,2.75,1.09,116.69,530.47,11.88,478.23,109.95
