"SPECIES","UA_ID","GENUS","A_ha_table","A_ha_polygon","area_rel_err","n_records"
"A_guariba",1,"Alouatta",126107.309227945,126107.3,0,10
"A_guariba",2,"Alouatta",16765.2081224527,16765.2,0,1
"A_guariba",3,"Alouatta",43638.605318579,43638.6,0,1
"A_guariba",4,"Alouatta",31799.7796800993,31799.8,0,1
"A_guariba",5,"Alouatta",47390.7598824414,47390.8,0,47
"A_guariba",6,"Alouatta",49021.851320028,49021.9,0,2
"A_guariba",7,"Alouatta",3619.36012281921,3619.4,0,0
"A_guariba",8,"Alouatta",95431.1960855626,95431.2,0,7
"A_guariba",9,"Alouatta",34043.2499890057,34043.2,0,2
"A_guariba",10,"Alouatta",46402.9462125389,46402.9,0,8
"A_guariba",11,"Alouatta",57144.8362372237,57144.8,0,2
"A_guariba",12,"Alouatta",386509.439308726,386509.4,0,46
"B_arachnoides",1,"Brachyteles",24683.4263541136,24683.4,0,5
"B_arachnoides",2,"Brachyteles",13528.6756007992,13528.7,0,2
"B_arachnoides",3,"Brachyteles",9113.52723069625,9113.5,0,1
"B_arachnoides",4,"Brachyteles",39305.3846935058,39305.4,0,26
"B_arachnoides",5,"Brachyteles",11341.2510376754,11341.3,0,1
"B_arachnoides",6,"Brachyteles",18008.5253054628,18008.5,0,6
"B_arachnoides",7,"Brachyteles",15831.6688737473,15831.7,0,6
"B_arachnoides",8,"Brachyteles",10953.6676434832,10953.7,0,1
"B_arachnoides",9,"Brachyteles",41689.0831539365,41689.1,0,14
"B_crinitus",1,"Bradypus",73972.6209307542,73972.6,0,8
"B_crinitus",2,"Bradypus",85688.1024700263,85688.1,0,3
"B_crinitus",3,"Bradypus",23079.5106584294,23079.5,0,1
"B_crinitus",4,"Bradypus",46319.01336604,46319,0,1
"B_crinitus",5,"Bradypus",72805.2237933603,72805.2,0,7
"B_hypoxanthus",1,"Brachyteles",4155.68663079824,4155.7,0,1
"B_hypoxanthus",2,"Brachyteles",9432.54134391467,9432.5,0,12
"L_wiedii",1,"Leopardus",95423.9635038148,95424,0,6
"L_wiedii",2,"Leopardus",63627.6669488938,63627.7,0,5
"L_wiedii",3,"Leopardus",39717.3703390792,39717.4,0,0
"L_wiedii",4,"Leopardus",170003.546058896,170003.5,0,36
"L_wiedii",5,"Leopardus",7075.94676109589,7075.9,0,0
"L_wiedii",6,"Leopardus",104265.505124236,104265.5,0,3
"M_tridactyla",1,"Myrmecophaga",38179.7594882031,38179.8,0,0
"M_tridactyla",2,"Myrmecophaga",45007.6769583724,45007.7,0,1
"M_tridactyla",3,"Myrmecophaga",33622.1268435428,33622.1,0,1
"M_tridactyla",4,"Myrmecophaga",14174.4226249885,14174.4,0,0
"Mazama",1,"Mazama",50776.529087345,50776.5,0,1
"Mazama",2,"Mazama",1906.72754865624,1906.7,0,0
"Mazama",3,"Mazama",12273.0400726008,12273,0,0
"Mazama",4,"Mazama",34897.7652117572,34897.8,0,0
"Mazama",5,"Mazama",6126.42786807891,6126.4,0,0
"Mazama",6,"Mazama",6867.40964323621,6867.4,0,0
"Mazama",7,"Mazama",35737.0070907138,35737,0,1
"Mazama",8,"Mazama",36395.5263778647,36395.5,0,1
"Mazama",9,"Mazama",44490.6496751714,44490.6,0,1
"Mazama",10,"Mazama",61529.6887080479,61529.7,0,1
"P_concolor",1,"Puma",31889.4946949452,31889.5,0,1
"P_concolor",2,"Puma",149450.334820589,149450.3,0,146
"P_concolor",3,"Puma",31695.4754327031,31695.5,0,1
"P_concolor",4,"Puma",32094.264695837,32094.3,0,2
"P_concolor",5,"Puma",71332.2724789356,71332.3,0,10
"P_concolor",6,"Puma",60196.2852115491,60196.3,0,3
"P_concolor",7,"Puma",51142.8508649072,51142.9,0,11
"P_concolor",8,"Puma",29602.1905491389,29602.2,0,5
"P_concolor",9,"Puma",52010.9541669277,52011,0,2
"P_concolor",10,"Puma",31352.7138845253,31352.7,0,1
"P_concolor",11,"Puma",74912.6278386084,74912.6,0,6
"P_concolor",12,"Puma",28655.2884440221,28655.3,0,1
"T_pecari",1,"Tayassu",18979.4736277231,18979.5,0,3
"T_pecari",2,"Tayassu",26849.1230612587,26849.1,0,1
"T_pecari",3,"Tayassu",26550.1917773722,26550.2,0,2
"T_pecari",4,"Tayassu",34910.426122083,34910.4,0,10
"T_pecari",5,"Tayassu",23013.1428680963,23013.1,0,9
"T_pecari",6,"Tayassu",50357.232195127,50357.2,0,9
"T_pecari",7,"Tayassu",26938.9679347225,26939,0,1
